CustomerID,FirstName,LastName,Gender,Region
C0001,Gregory,Miller,M,Ohio
C0002,Marvin,Unknown,M,California
C0003,Gregory,Smith,M,New York
C0004,Edward,Davis,M,Ohio
C0005,Reginald,Dawson,M,Texas
C0006,Virginia,Bryant,F,Ohio
C0007,Benjamin,Shepherd,M,Ohio
C0008,Robert,Pierce,M,New York
C0009,Samuel,Mcconnell,M,California
C0010,Jason,Unknown,M,New York
C0011,Jason,Morales,M,Unknown
C0012,Charles,Unknown,M,New York
C0013,Brandon,Unknown,M,Ohio
C0014,Jeffery,Cabrera,M,New York
C0015,William,Gonzalez,M,New York
C0016,Joe,Barnett,M,Ohio
C0017,Angela,Cantrell,F,Texas
C0018,Mariah,Wilson,F,New York
C0019,Michael,Unknown,M,New York
C0020,Robert,Unknown,M,New York
C0021,Rachel,Unknown,F,New York
C0022,Timothy,Unknown,M,Texas
C0023,Grant,Bartlett,M,Ohio
C0024,Luis,Roberts,M,New York
C0025,Jordan,Mercado,M,Texas
C0026,Jesse,Wilkerson,M,New York
C0027,Brandon,Smith,M,New York
C0028,William,Smith,M,California
C0029,Timothy,Unknown,M,Ohio
C0030,Desiree,Washington,F,Ohio
C0031,Steven,Morgan,M,Ohio
C0032,Joshua,Carson,M,New York
C0033,Joshua,Robinson,M,New York
C0034,Paula,Hanson,F,Ohio
C0035,Joshua,Sullivan,M,Texas
C0036,Lori,Long,F,California
C0037,Brett,Unknown,M,Unknown
C0038,Jose,Griffin,M,California
C0039,John,Mendoza,M,New York
C0040,Yvette,Wood,F,Ohio
C0041,Michael,Stephens,M,New York
C0042,Steven,Farley,M,Texas
C0043,Rachel,Unknown,F,New York
C0044,James,Robbins,M,New York
C0045,Andrew,Hopkins,M,New York
C0046,Dennis,Unknown,M,California
C0047,Seth,Hess,M,Texas
C0048,Frank,Ross,M,Ohio
C0049,Jeffrey,Unknown,M,Texas
C0050,Kimberly,Wright,F,New York
C0051,David,Unknown,M,Unknown
C0052,Todd,Kelley,M,New York
C0053,Ian,Schneider,M,New York
C0054,Christopher,White,M,California
C0055,Jonathan,Thomas,M,New York
C0056,Sonia,Vaughn,F,California
C0057,Brian,Price,M,Ohio
C0058,Steven,Miller,M,Texas
C0059,Eric,Hoffman,M,California
C0060,Jonathan,Unknown,M,New York
C0061,Gary,Nunez,M,New York
C0062,Mark,Adams,M,Texas
C0063,Latoya,Unknown,F,Ohio
C0064,Jason,Unknown,M,Unknown
C0065,Anthony,Butler,M,Ohio
C0066,Thomas,Kelly,M,California
C0067,Eric,Morris,M,New York
C0068,John,Unknown,M,Unknown
C0069,David,Hardy,M,California
C0070,Kevin,Franklin,M,New York
C0071,Charles,Warren,M,Texas
C0072,Eric,Mora,M,California
C0073,Vincent,Unknown,M,New York
C0074,Roberto,Unknown,M,New York
C0075,Troy,Garcia,M,New York
C0076,James,Clark,M,Texas
C0077,John,Johnson,M,Unknown
C0078,Caleb,Ramirez,M,New York
C0079,Timothy,Unknown,M,New York
C0080,Ian,Fowler,M,Unknown
C0081,Ryan,Pearson,M,California
C0082,Samuel,Lopez,M,Ohio
C0083,Antonio,Unknown,M,Texas
C0084,Michael,Brooks,M,Ohio
C0085,Lindsay,Roberts,F,Ohio
C0086,Robert,Unknown,M,Ohio
C0087,John,Unknown,M,California
C0088,William,Unknown,M,Ohio
C0089,Anthony,Lin,M,New York
C0090,Jeremy,Williams,M,New York
C0091,Anna,Unknown,F,Texas
C0092,Antonio,Unknown,M,Ohio
C0093,Samuel,Woods,M,Ohio
C0094,Darren,Woods,M,Texas
C0095,Paul,Reed,M,Texas
C0096,Christina,Brown,F,California
C0097,Anthony,Watts,M,Texas
C0098,Cassandra,Jones,F,New York
C0099,Corey,Valentine,M,California
C0100,Vernon,Morrow,M,Texas
C0101,Robert,Johnson,M,Ohio
C0102,Dennis,Dominguez,M,New York
C0103,Michael,Unknown,M,California
C0104,Stanley,Martin,M,New York
C0105,David,Vance,M,New York
C0106,Jason,Abbott,M,Texas
C0107,Christine,Ellis,F,New York
C0108,Edwin,Burgess,M,New York
C0109,Caleb,Long,M,Unknown
C0110,Megan,Miller,F,Ohio
C0111,Brett,Unknown,M,Texas
C0112,Tyrone,Bell,M,California
C0113,Fernando,Martinez,M,California
C0114,Tyrone,Brown,M,Texas
C0115,William,Branch,M,New York
C0116,Richard,Unknown,M,California
C0117,Donald,Terrell,M,California
C0118,Joseph,Morgan,M,Ohio
C0119,Johnny,Unknown,M,California
C0120,Roger,Unknown,M,California
C0121,Melissa,Dominguez,F,New York
C0122,Dustin,Cook,M,Ohio
C0123,Rebecca,Armstrong,F,Ohio
C0124,Gabriel,Unknown,M,New York
C0125,Christopher,Green,M,California
C0126,Keith,Oneal,M,California
C0127,Frank,Turner,M,Unknown
C0128,Tina,Unknown,F,Ohio
C0129,Gregory,Neal,M,Texas
C0130,Ronald,Unknown,M,Ohio
C0131,Daniel,Unknown,M,New York
C0132,Ryan,Stephens,M,Unknown
C0133,Kevin,Unknown,M,Unknown
C0134,Cole,Nelson,M,California
C0135,William,Watkins,M,Texas
C0136,Crystal,Floyd,F,New York
C0137,Nicole,Unknown,F,New York
C0138,William,Boone,M,Unknown
C0139,Robert,Cook,M,Texas
C0140,Cesar,Wise,M,New York
C0141,Douglas,Miller,M,Ohio
C0142,Travis,Johnson,M,California
C0143,Sydney,Fisher,F,New York
C0144,Clifford,Unknown,M,Texas
C0145,Aaron,Unknown,M,Texas
C0146,Zachary,Unknown,M,Ohio
C0147,Christopher,Hall,M,California
C0148,Matthew,Unknown,M,California
C0149,Robert,Adkins,M,New York
C0150,Jon,Cohen,M,California
C0151,Matthew,Walter,M,Unknown
C0152,Steven,Unknown,M,Texas
C0153,Gregory,Krueger,M,California
C0154,Andrew,Unknown,M,Texas
C0155,Amanda,Browning,F,Texas
C0156,Derrick,Bennett,M,New York
C0157,John,Unknown,M,New York
C0158,Jeffrey,Harris,M,New York
C0159,Alexander,Unknown,M,New York
C0160,Amy,Cruz,F,Texas
C0161,Justin,Williams,M,Unknown
C0162,James,Williams,M,New York
C0163,Tina,Holt,F,New York
C0164,Theresa,Davis,F,Texas
C0165,Gregory,Ortega,M,New York
C0166,Ronald,Unknown,M,New York
C0167,Kevin,Unknown,M,New York
C0168,David,Miller,M,California
C0169,Keith,Reed,M,New York
C0170,Cody,Keller,M,Ohio
C0171,Tim,Cameron,M,Texas
C0172,Michael,Bates,M,Texas
C0173,Alexander,Flores,M,Unknown
C0174,Chloe,Wheeler,F,Ohio
C0175,Darrell,Smith,M,New York
C0176,Edward,Bell,M,New York
C0177,Daniel,Unknown,M,California
C0178,Miguel,Chung,M,New York
C0179,Michael,Unknown,M,New York
C0180,John,Unknown,M,California
C0181,Michael,Hodges,M,Texas
C0182,David,Tran,M,Ohio
C0183,Mark,Howell,M,Texas
C0184,Miguel,Goodman,M,Texas
C0185,James,Murphy,M,New York
C0186,Christopher,Santos,M,Ohio
C0187,Thomas,Unknown,M,New York
C0188,Wayne,Snyder,M,Texas
C0189,David,Jackson,M,New York
C0190,Matthew,Gray,M,Ohio
C0191,Christopher,Sandoval,M,New York
C0192,Thomas,Unknown,M,New York
C0193,Julie,Lozano,F,New York
C0194,Eric,Unknown,M,Ohio
C0195,Tamara,Unknown,F,New York
C0196,Kevin,Unknown,M,Unknown
C0197,Tyler,Larsen,M,New York
C0198,James,Ortiz,M,California
C0199,Maurice,Unknown,M,New York
C0200,Mario,Huff,M,Unknown
C0201,Cameron,Santiago,M,Ohio
C0202,Jason,Unknown,M,Ohio
C0203,Michael,Holloway,M,Ohio
C0204,Raymond,Unknown,M,New York
C0205,Christopher,Johnson,M,New York
C0206,Steven,Johnson,M,New York
C0207,Brandon,Unknown,M,Ohio
C0208,Logan,Unknown,M,Texas
C0209,Andrew,Curtis,M,New York
C0210,Thomas,Lopez,M,Ohio
C0211,Daniel,Holland,M,Ohio
C0212,Eric,Burgess,M,New York
C0213,Brian,Esparza,M,Ohio
C0214,Larry,Knight,M,Texas
C0215,Reginald,Lee,M,Texas
C0216,Spencer,Howard,M,Texas
C0217,Susan,Smith,F,Texas
C0218,Daniel,Wilcox,M,Ohio
C0219,Derek,Unknown,M,Unknown
C0220,Gregory,Trujillo,M,Texas
C0221,Keith,Brown,M,Texas
C0222,Samantha,Barnes,F,California
C0223,Stephanie,Mckenzie,F,Texas
C0224,Cesar,Unknown,M,Texas
C0225,Thomas,Sosa,M,Texas
C0226,Christopher,Unknown,M,New York
C0227,Jeffrey,Unknown,M,Ohio
C0228,Travis,Jones,M,New York
C0229,Derrick,Walters,M,New York
C0230,Daniel,Mitchell,M,California
C0231,Jacob,Walton,M,Texas
C0232,Mark,Hopkins,M,New York
C0233,Mary,Unknown,F,Ohio
C0234,Andrew,Bush,M,California
C0235,Amy,Unknown,F,New York
C0236,Travis,Unknown,M,California
C0237,Marc,Unknown,M,New York
C0238,Jay,Wright,M,Ohio
C0239,Frank,Unknown,M,New York
C0240,Jessica,Unknown,F,New York
C0241,Samuel,Taylor,M,New York
C0242,Jeffrey,Sparks,M,New York
C0243,Eric,Lopez,M,New York
C0244,Mark,Davidson,M,Texas
C0245,Mary,Anderson,F,Texas
C0246,Amanda,Kelly,F,Ohio
C0247,Steven,Williams,M,New York
C0248,Michelle,Morrow,F,California
C0249,Robert,Pena,M,New York
C0250,Rodney,Adams,M,New York
C0251,Roy,Cruz,M,New York
C0252,Joan,Johnson,F,California
C0253,Michael,Unknown,M,Ohio
C0254,Shannon,Johnson,F,New York
C0255,David,Adams,M,California
C0256,Dwayne,Unknown,M,New York
C0257,Kevin,Unknown,M,Ohio
C0258,Sherry,Unknown,F,Texas
C0259,Samantha,Mays,F,New York
C0260,Robert,Anderson,M,New York
C0261,Julie,Meyers,F,New York
C0262,Kyle,Church,M,Ohio
C0263,Nicholas,Clark,M,New York
C0264,Tracy,Peterson,F,Texas
C0265,Lori,Mccarthy,F,Texas
C0266,Amy,Buck,F,New York
C0267,James,Unknown,M,New York
C0268,Jessica,Dawson,F,Ohio
C0269,Madison,Unknown,F,New York
C0270,Richard,Schaefer,M,Ohio
C0271,Nicholas,Unknown,M,California
C0272,Erika,Sanchez,F,Texas
C0273,Geoffrey,Bell,M,California
C0274,Michael,Martinez,M,Ohio
C0275,Joseph,Bowers,M,Unknown
C0276,Johnathan,Williams,M,California
C0277,Jessica,Hawkins,F,California
C0278,Seth,Unknown,M,New York
C0279,Jennifer,Ferguson,F,New York
C0280,Andrew,Smith,M,Unknown
C0281,Michelle,Conrad,F,Texas
C0282,Gavin,Sloan,M,New York
C0283,Heather,Hawkins,F,Texas
C0284,Erik,Baker,M,Unknown
C0285,Ruben,Unknown,M,Ohio
C0286,Mary,Griffin,F,Texas
C0287,Sharon,Unknown,F,Texas
C0288,Karen,Hays,F,Unknown
C0289,John,Williams,M,California
C0290,Erik,Unknown,M,New York
C0291,Jeffrey,Unknown,M,Texas
C0292,Shawn,Unknown,M,New York
C0293,Bradley,Black,M,Texas
C0294,Peter,Bennett,M,Texas
C0295,Bryan,Ryan,M,California
C0296,Nancy,Unknown,F,California
C0297,Timothy,Myers,M,Texas
C0298,Carla,Rosario,F,California
C0299,Hannah,Greer,F,California
C0300,Melanie,Thompson,F,California
C0301,Anthony,Unknown,M,New York
C0302,Jason,Gonzales,M,New York
C0303,Ryan,Matthews,M,Unknown
C0304,Calvin,Soto,M,New York
C0305,Curtis,Mccormick,M,Ohio
C0306,Jonathan,Chan,M,Unknown
C0307,James,Franco,M,Texas
C0308,Larry,Walker,M,California
C0309,Anthony,Cox,M,New York
C0310,Kevin,Ray,M,Texas
C0311,David,Owens,M,California
C0312,Jack,Pugh,M,California
C0313,Christopher,Unknown,M,Ohio
C0314,David,Mcguire,M,New York
C0315,Allison,Unknown,F,Ohio
C0316,George,Unknown,M,Texas
C0317,Steven,Stark,M,California
C0318,Michael,Solis,M,New York
C0319,Karen,Sullivan,F,Texas
C0320,Cory,Ramsey,M,California
C0321,Kelly,Unknown,F,California
C0322,Joseph,Unknown,M,Texas
C0323,Peter,Henson,M,New York
C0324,Tony,Unknown,M,Ohio
C0325,Bonnie,Unknown,F,Texas
C0326,Joshua,Reynolds,M,New York
C0327,Anthony,Jordan,M,New York
C0328,Gregory,Allen,M,New York
C0329,Steven,Davis,M,New York
C0330,Bryan,Richmond,M,Texas
C0331,David,Unknown,M,California
C0332,Erika,Unknown,F,California
C0333,David,Burns,M,Texas
C0334,John,Unknown,M,California
C0335,Larry,Jefferson,M,New York
C0336,Jesse,Unknown,M,New York
C0337,William,Ray,M,Unknown
C0338,Richard,Unknown,M,Ohio
C0339,Alex,Unknown,M,Ohio
C0340,Frank,Unknown,M,California
C0341,David,Unknown,M,New York
C0342,Robert,Unknown,M,New York
C0343,Matthew,Berry,M,Ohio
C0344,Noah,Unknown,M,Texas
C0345,Anthony,Hull,M,New York
C0346,Jeremy,Lambert,M,California
C0347,Stephen,Phillips,M,New York
C0348,Mike,Burke,M,Texas
C0349,John,Mcintosh,M,New York
C0350,David,Unknown,M,California
C0351,Jessica,Manning,F,New York
C0352,Sean,Simpson,M,Ohio
C0353,Nathan,Unknown,M,New York
C0354,Mitchell,Johnson,M,California
C0355,Pamela,Mcbride,F,New York
C0356,Stephen,Taylor,M,Texas
C0357,Jose,Unknown,M,New York
C0358,Roger,Thompson,M,Ohio
C0359,Alexander,Morrison,M,Texas
C0360,Gabriel,Walker,M,Ohio
C0361,Andrew,Tucker,M,Ohio
C0362,Matthew,Gillespie,M,California
C0363,Roy,Hernandez,M,New York
C0364,Howard,Carlson,M,New York
C0365,John,Edwards,M,New York
C0366,John,Edwards,M,Ohio
C0367,Thomas,Middleton,M,Ohio
C0368,Robin,Unknown,F,Ohio
C0369,Robert,Wiggins,M,California
C0370,Sara,Unknown,F,Unknown
C0371,Leonard,Unknown,M,Ohio
C0372,John,Smith,M,New York
C0373,Peter,Unknown,M,Texas
C0374,John,Morris,M,Ohio
C0375,Robert,Unknown,M,Ohio
C0376,Joshua,Anderson,M,California
C0377,Christopher,Unknown,M,Texas
C0378,Dennis,Black,M,New York
C0379,Paula,Adkins,F,California
C0380,Steven,Brown,M,New York
C0381,Roy,West,M,Texas
C0382,Crystal,Unknown,F,New York
C0383,Lisa,Miller,F,Texas
C0384,Cory,Oconnor,M,California
C0385,Daniel,Unknown,M,New York
C0386,Jillian,Stone,F,California
C0387,Peter,Hurst,M,Texas
C0388,Frank,Flores,M,Ohio
C0389,David,Unknown,M,New York
C0390,Tanya,Unknown,F,California
C0391,Eric,Bailey,M,New York
C0392,Jason,Unknown,M,California
C0393,Brandon,Ruiz,M,California
C0394,Erin,Carroll,F,New York
C0395,Joseph,Unknown,M,California
C0396,Warren,Bell,M,Texas
C0397,Glenda,Jackson,F,Texas
C0398,Laura,Byrd,F,California
C0399,Matthew,Unknown,M,Ohio
C0400,Jesse,Unknown,M,Unknown
C0401,Timothy,Guzman,M,Texas
C0402,John,Unknown,M,New York
C0403,Jasmine,Unknown,F,California
C0404,Anthony,Taylor,M,New York
C0405,Lee,Boyd,M,Texas
C0406,Darrell,Unknown,M,Texas
C0407,Christian,Mcdaniel,M,Ohio
C0408,Crystal,Kim,F,New York
C0409,Robert,Greer,M,New York
C0410,Brent,Banks,M,New York
C0411,Scott,Unknown,M,California
C0412,Jessica,Smith,F,Texas
C0413,Christina,Unknown,F,Texas
C0414,Paul,Simmons,M,California
C0415,Anthony,Unknown,M,California
C0416,Nicholas,Browning,M,New York
C0417,Troy,Unknown,M,Ohio
C0418,Ross,Lee,M,California
C0419,Gordon,Robinson,M,California
C0420,April,Fuentes,F,New York
C0421,Herbert,Unknown,M,Ohio
C0422,Shelby,Unknown,F,New York
C0423,Ryan,Maldonado,M,New York
C0424,Shannon,Barker,F,Unknown
C0425,Justin,Unknown,M,California
C0426,Brandon,Hernandez,M,Unknown
C0427,Cameron,Dominguez,M,New York
C0428,Joseph,Moore,M,California
C0429,Mary,Buckley,F,New York
C0430,Dan,Unknown,M,Ohio
C0431,Jeffrey,Martinez,M,California
C0432,Olivia,Unknown,F,Ohio
C0433,Bryan,Hale,M,Ohio
C0434,Matthew,Unknown,M,California
C0435,Robert,Unknown,M,New York
C0436,Vincent,Rodriguez,M,Texas
C0437,Richard,Williams,M,New York
C0438,Melanie,Little,F,New York
C0439,Brian,Acevedo,M,New York
C0440,Larry,Unknown,M,New York
C0441,Terri,Edwards,F,California
C0442,Seth,Alexander,M,Unknown
C0443,Matthew,Owens,M,California
C0444,Jason,Wagner,M,Ohio
C0445,Michael,Savage,M,New York
C0446,Michael,Carrillo,M,New York
C0447,Stephanie,Unknown,F,New York
C0448,April,Mcdowell,F,New York
C0449,Amy,Ferguson,F,Texas
C0450,Donna,Unknown,F,New York
C0451,Brian,Cooper,M,Ohio
C0452,Theresa,Unknown,F,Ohio
C0453,Jacob,Coffey,M,Ohio
C0454,Terry,Unknown,M,Texas
C0455,James,Chen,M,California
C0456,Brittany,Johnson,F,Texas
C0457,Destiny,Marks,F,New York
C0458,Louis,Unknown,M,Texas
C0459,Brittney,Cook,F,New York
C0460,Gina,Woods,F,California
C0461,Randy,Unknown,M,Ohio
C0462,Craig,Walker,M,California
C0463,Martin,Unknown,M,California
C0464,Jordan,Powers,M,California
C0465,Andre,Unknown,M,Texas
C0466,Rachel,Lewis,F,Ohio
C0467,James,Unknown,M,New York
C0468,Tammy,Turner,F,California
C0469,Helen,Unknown,F,Ohio
C0470,Misty,White,F,Texas
C0471,Nicole,Walton,F,Texas
C0472,William,Mullins,M,New York
C0473,Brandon,Unknown,M,New York
C0474,Jacob,Taylor,M,California
C0475,Charles,Cook,M,New York
C0476,Jonathan,Daniel,M,Texas
C0477,Timothy,Unknown,M,New York
C0478,James,Unknown,M,Ohio
C0479,Jack,Unknown,M,Ohio
C0480,David,Smith,M,Texas
C0481,Timothy,Unknown,M,Texas
C0482,Ricky,Watson,M,California
C0483,Benjamin,Foster,M,Unknown
C0484,Jacob,Lyons,M,New York
C0485,Jamie,White,M,Unknown
C0486,Matthew,Unknown,M,New York
C0487,Melvin,Lewis,M,New York
C0488,John,Johnson,M,New York
C0489,Adam,Smith,M,Ohio
C0490,Susan,Unknown,F,Texas
C0491,Aaron,Barnes,M,New York
C0492,Christopher,Ford,M,Texas
C0493,Carlos,Bailey,M,New York
C0494,Jacob,Smith,M,New York
C0495,Robert,Lewis,M,Texas
C0496,Sherry,Mckenzie,F,New York
C0497,Oscar,Mcgrath,M,New York
C0498,Jeremy,Williams,M,Texas
C0499,Jason,Watkins,M,California
C0500,Jeffrey,Dean,M,New York
C0501,Valerie,Lester,F,Texas
C0502,Ryan,Fischer,M,Texas
C0503,April,Unknown,F,Texas
C0504,Emily,Washington,F,Texas
C0505,Jordan,Martin,M,California
C0506,Kenneth,Unknown,M,New York
C0507,John,Hale,M,California
C0508,Michael,Davis,M,Ohio
C0509,Nicholas,Unknown,M,Ohio
C0510,Tristan,Unknown,M,New York
C0511,Chad,Ramos,M,Texas
C0512,Ryan,Lee,M,New York
C0513,Danielle,Unknown,F,New York
C0514,Brian,Wallace,M,New York
C0515,Elizabeth,Boyd,F,New York
C0516,Nathaniel,Snyder,M,New York
C0517,Donald,Unknown,M,Ohio
C0518,Juan,Miller,M,Texas
C0519,Barbara,Ellis,F,California
C0520,Jacob,Hughes,M,California
C0521,Jack,Castaneda,M,New York
C0522,William,Smith,M,Texas
C0523,Raymond,Wood,M,Texas
C0524,Teresa,Martin,F,Ohio
C0525,Carl,Lindsey,M,Ohio
C0526,Edgar,Bennett,M,California
C0527,Carlos,Bowman,M,Ohio
C0528,Tracy,Stewart,M,Texas
C0529,Bruce,Snow,M,California
C0530,Steven,Bennett,M,New York
C0531,Troy,Unknown,M,New York
C0532,Daniel,Perkins,M,California
C0533,Gabriel,Unknown,M,Ohio
C0534,Brandon,Gamble,M,Ohio
C0535,Kenneth,Unknown,M,New York
C0536,Daniel,Hardy,M,New York
C0537,Gary,Unknown,M,New York
C0538,Aaron,Peck,M,New York
C0539,Wanda,Clark,F,New York
C0540,Eduardo,Stokes,M,New York
C0541,Carlos,Unknown,M,Texas
C0542,Joshua,Kramer,M,Ohio
C0543,Bradley,Meyers,M,New York
C0544,Kyle,Soto,M,Texas
C0545,Christopher,Spencer,M,New York
C0546,Stephen,Brown,M,Texas
C0547,Kaitlyn,Thomas,F,New York
C0548,Eric,Winters,M,New York
C0549,Alexander,Harris,M,New York
C0550,Gregory,Davidson,M,California
C0551,Amanda,Unknown,F,Texas
C0552,Kevin,Unknown,M,California
C0553,Miguel,Fletcher,M,Ohio
C0554,Gregory,Hicks,M,New York
C0555,Alec,Unknown,M,Texas
C0556,Willie,Unknown,M,California
C0557,Frank,Miller,M,Texas
C0558,Donna,Unknown,F,New York
C0559,Carl,Ramirez,M,New York
C0560,Kimberly,Jones,F,New York
C0561,Christopher,Unknown,M,Ohio
C0562,Brenda,Stephens,F,California
C0563,Katherine,Higgins,F,New York
C0564,Dakota,Jones,M,New York
C0565,Mitchell,Unknown,M,Texas
C0566,Jacob,Wang,M,New York
C0567,Raymond,Gonzalez,M,Ohio
C0568,Randy,Unknown,M,California
C0569,Heather,Mueller,F,Ohio
C0570,Lee,Mayo,M,Texas
C0571,Jeffrey,Suarez,M,New York
C0572,Anthony,Unknown,M,California
C0573,Adrian,Unknown,M,California
C0574,Kari,Unknown,F,Texas
C0575,Paula,Moore,F,Texas
C0576,Jordan,Sullivan,M,California
C0577,Paul,Shaw,M,New York
C0578,Daniel,Cook,M,California
C0579,Donald,Hubbard,M,New York
C0580,Alexander,Valentine,M,Ohio
C0581,Angela,Gomez,F,New York
C0582,Debbie,Robinson,F,Texas
C0583,Jim,Fields,M,New York
C0584,Thomas,Williams,M,New York
C0585,Kenneth,Gardner,M,Texas
C0586,Dean,Coffey,M,Unknown
C0587,Edward,Unknown,M,California
C0588,Kylie,Garcia,F,Ohio
C0589,Allen,Foster,M,Texas
C0590,Michael,Roberts,M,New York
C0591,Julia,Jacobson,F,New York
C0592,Melissa,Hernandez,F,Texas
C0593,Courtney,Unknown,F,California
C0594,John,Ellis,M,New York
C0595,Nicholas,Crawford,M,New York
C0596,Luke,Maldonado,M,New York
C0597,Dennis,Jones,M,California
C0598,Desiree,Unknown,F,Ohio
C0599,Frederick,Williams,M,New York
C0600,Edwin,Unknown,M,New York
C0601,Garrett,Unknown,M,New York
C0602,Bill,Ochoa,M,California
C0603,Eric,Hicks,M,New York
C0604,Benjamin,Unknown,M,New York
C0605,Amy,Walker,F,California
C0606,Frank,Unknown,M,Ohio
C0607,Timothy,Miller,M,Texas
C0608,Calvin,Unknown,M,Texas
C0609,Derek,Anderson,M,New York
C0610,Edward,Vazquez,M,New York
C0611,Alexander,Unknown,M,Texas
C0612,Teresa,Reed,F,New York
C0613,Wesley,Nelson,M,New York
C0614,Tracy,Stevenson,F,California
C0615,Jason,Abbott,M,Ohio
C0616,Robert,Zimmerman,M,California
C0617,Michael,Unknown,M,New York
C0618,Tiffany,Jones,F,New York
C0619,Zachary,Nguyen,M,New York
C0620,Shannon,Chang,M,New York
C0621,Juan,Davis,M,New York
C0622,Jerry,Unknown,M,New York
C0623,Jerry,Unknown,M,Texas
C0624,Wesley,Carrillo,M,New York
C0625,Randy,Unknown,M,Ohio
C0626,Alejandro,Gray,M,Ohio
C0627,Lisa,Hernandez,F,New York
C0628,Michael,Vazquez,M,New York
C0629,Nathan,Johnston,M,New York
C0630,Thomas,Young,M,California
C0631,Tony,Unknown,M,New York
C0632,Kristina,Wright,F,New York
C0633,Kathryn,Kim,F,Texas
C0634,Mariah,Unknown,F,Ohio
C0635,John,Gibson,M,Texas
C0636,Sean,Hogan,M,California
C0637,Michael,Wilkinson,M,New York
C0638,Justin,Collins,M,California
C0639,Crystal,Riley,F,California
C0640,John,Unknown,M,New York
C0641,Kirk,Ramirez,M,Texas
C0642,Aaron,Unknown,M,New York
C0643,Brian,Walker,M,Ohio
C0644,Donald,Unknown,M,Unknown
C0645,Larry,Moore,M,Ohio
C0646,Andrew,Unknown,M,California
C0647,David,Allison,M,New York
C0648,Jason,Nichols,M,California
C0649,Amy,Reyes,F,New York
C0650,John,Wood,M,Texas
C0651,Natalie,Smith,F,New York
C0652,James,Unknown,M,New York
C0653,Billy,Church,M,New York
C0654,Richard,Nolan,M,Texas
C0655,Zachary,Unknown,M,California
C0656,Richard,Jordan,M,California
C0657,Jason,Unknown,M,California
C0658,Devin,Unknown,M,Ohio
C0659,David,Mullen,M,California
C0660,Adam,Unknown,M,Texas
C0661,Charles,Fritz,M,New York
C0662,David,Unknown,M,Texas
C0663,Lisa,Villa,F,New York
C0664,Leslie,Hughes,F,New York
C0665,Steven,White,M,New York
C0666,Joshua,Unknown,M,Ohio
C0667,Austin,Hogan,M,New York
C0668,Joel,Mann,M,New York
C0669,Kevin,Dixon,M,Ohio
C0670,Kimberly,White,F,New York
C0671,David,Bell,M,New York
C0672,Daniel,Fernandez,M,Ohio
C0673,Christopher,Davila,M,Ohio
C0674,Laura,Unknown,F,Texas
C0675,John,Tucker,M,Unknown
C0676,Michael,Young,M,New York
C0677,Devin,Unknown,M,California
C0678,Austin,Acevedo,M,New York
C0679,Dustin,Barnett,M,California
C0680,Aaron,Hampton,M,Ohio
C0681,Tabitha,Adams,F,California
C0682,Lindsey,Mitchell,F,Texas
C0683,Gregory,Stafford,M,Texas
C0684,Tony,Hurst,M,New York
C0685,Jeffrey,Unknown,M,New York
C0686,Frank,Golden,M,Texas
C0687,William,Thomas,M,New York
C0688,Jennifer,Leonard,F,California
C0689,Hector,Christensen,M,New York
C0690,Christopher,Castro,M,Unknown
C0691,David,Terry,M,Texas
C0692,Gregory,Cabrera,M,Unknown
C0693,Julie,Green,F,Texas
C0694,Steven,Unknown,M,Ohio
C0695,Michael,Todd,M,Texas
C0696,David,Bass,M,Ohio
C0697,Bryan,Anderson,M,Texas
C0698,Joseph,Morrison,M,Unknown
C0699,Scott,Francis,M,New York
C0700,Scott,Unknown,M,New York
C0701,Christopher,Norton,M,California
C0702,Richard,Howard,M,Ohio
C0703,William,Garcia,M,California
C0704,Scott,Watts,M,New York
C0705,Matthew,Floyd,M,California
C0706,Teresa,Whitehead,F,Ohio
C0707,Rebecca,Unknown,F,New York
C0708,Ronald,Maxwell,M,California
C0709,Jennifer,Nelson,F,New York
C0710,Joshua,Unknown,M,New York
C0711,Katie,Murray,F,Texas
C0712,Ashley,Moore,F,Ohio
C0713,Carlos,Combs,M,California
C0714,Nicholas,Unknown,M,California
C0715,Christopher,Unknown,M,Unknown
C0716,Jennifer,Pittman,F,Texas
C0717,Trevor,Fitzgerald,M,Ohio
C0718,John,Jones,M,Texas
C0719,Cynthia,Hurley,F,New York
C0720,Ryan,Mcgrath,M,Texas
C0721,Christine,White,F,New York
C0722,Eric,Newman,M,Unknown
C0723,William,Ellison,M,Texas
C0724,Christine,White,F,New York
C0725,Andrew,Glover,M,Texas
C0726,Stephen,Walton,M,California
C0727,Rachel,Schwartz,F,California
C0728,Brittany,Ramsey,F,Ohio
C0729,Alexis,Donovan,F,California
C0730,Timothy,Thompson,M,California
C0731,Calvin,Sanders,M,Unknown
C0732,Dwayne,Montoya,M,New York
C0733,Lauren,Salazar,F,Ohio
C0734,John,Page,M,New York
C0735,Carlos,Welch,M,New York
C0736,Thomas,Williams,M,California
C0737,David,Unknown,M,New York
C0738,Donna,Unknown,F,Ohio
C0739,Anita,Cunningham,F,New York
C0740,Christopher,Wilson,M,New York
C0741,Collin,Haynes,M,New York
C0742,Joshua,Jackson,M,New York
C0743,Eric,Ross,M,New York
C0744,Heather,French,F,Ohio
C0745,Chris,Barker,M,California
C0746,Michael,Young,M,New York
C0747,Timothy,Fisher,M,Texas
C0748,Debra,Martin,F,New York
C0749,Thomas,Jackson,M,New York
C0750,Kevin,Townsend,M,New York
C0751,Benjamin,Unknown,M,California
C0752,Michael,Evans,M,Texas
C0753,Christian,Gray,M,New York
C0754,Connor,Smith,M,New York
C0755,Amanda,Unknown,F,New York
C0756,Daniel,Perkins,M,New York
C0757,David,Clark,M,Unknown
C0758,Christopher,Unknown,M,Ohio
C0759,Nicholas,Unknown,M,Ohio
C0760,Savannah,Davis,F,New York
C0761,Steven,Arnold,M,New York
C0762,Jose,Unknown,M,California
C0763,Mark,Unknown,M,Ohio
C0764,Matthew,Woods,M,Ohio
C0765,Johnathan,Rivera,M,Unknown
C0766,Brandon,Edwards,M,New York
C0767,Jacqueline,Gilmore,F,Texas
C0768,David,Galloway,M,Ohio
C0769,Chad,Lyons,M,California
C0770,Nicholas,Unknown,M,Texas
C0771,Matthew,Woods,M,New York
C0772,Travis,Smith,M,New York
C0773,Casey,Smith,M,California
C0774,Travis,Bowman,M,New York
C0775,Mark,Jenkins,M,New York
C0776,Charles,Williams,M,California
C0777,Justin,Unknown,M,New York
C0778,John,Houston,M,Texas
C0779,Shannon,Bates,M,California
C0780,Teresa,Morgan,F,California
C0781,Anthony,Unknown,M,New York
C0782,Mary,Unknown,F,California
C0783,Victoria,Nelson,F,New York
C0784,Benjamin,Unknown,M,New York
C0785,Janice,David,F,California
C0786,Leslie,Unknown,F,Ohio
C0787,Travis,Unknown,M,New York
C0788,Angela,Dodson,F,Ohio
C0789,John,Gonzalez,M,Ohio
C0790,Bryan,Unknown,M,Texas
C0791,Robert,Schultz,M,California
C0792,Michael,Unknown,M,Ohio
C0793,Jeffrey,Smith,M,New York
C0794,Jason,Robertson,M,Ohio
C0795,Anthony,Unknown,M,Unknown
C0796,Erin,Young,F,Texas
C0797,Justin,Schneider,M,Texas
C0798,Michael,Unknown,M,New York
C0799,Brittany,Rodriguez,F,New York
C0800,Cody,Potter,M,California
C0801,David,Wagner,M,New York
C0802,Craig,Lam,M,Ohio
C0803,John,Unknown,M,California
C0804,Timothy,Cisneros,M,California
C0805,Amber,Stephenson,F,Unknown
C0806,Troy,Unknown,M,California
C0807,Hunter,Navarro,M,Unknown
C0808,Robert,Kaufman,M,Texas
C0809,Jessica,Miller,F,Texas
C0810,James,Unknown,M,Texas
C0811,Christine,Allen,F,New York
C0812,Phillip,Unknown,M,New York
C0813,Ryan,Unknown,M,New York
C0814,Julie,Adams,F,Texas
C0815,Matthew,Sanchez,M,New York
C0816,Michael,Lynn,M,New York
C0817,Caroline,Unknown,F,New York
C0818,Matthew,Perez,M,New York
C0819,William,Gilbert,M,Unknown
C0820,Christopher,Unknown,M,Texas
C0821,Eddie,Smith,M,New York
C0822,Timothy,Unknown,M,California
C0823,Kimberly,Brown,F,Ohio
C0824,Robert,Unknown,M,Texas
C0825,Michael,Valdez,M,Texas
C0826,Lisa,Holloway,F,New York
C0827,Amanda,Collins,F,Ohio
C0828,Shannon,Unknown,F,New York
C0829,Eric,Snyder,M,New York
C0830,Michele,Beasley,F,New York
C0831,Jeffrey,Wolf,M,Ohio
C0832,Karen,Medina,F,New York
C0833,Dean,James,M,California
C0834,Bryan,Robertson,M,New York
C0835,Johnny,Coleman,M,New York
C0836,Charles,Trevino,M,New York
C0837,Robert,Lopez,M,New York
C0838,Jesse,Myers,M,Texas
C0839,Lauren,Lopez,F,Texas
C0840,John,Sweeney,M,New York
C0841,Dwayne,Keller,M,New York
C0842,Jessica,Unknown,F,California
C0843,Edward,Walker,M,New York
C0844,David,Thompson,M,Ohio
C0845,Andrew,Unknown,M,New York
C0846,Erika,Lloyd,F,Ohio
C0847,Aaron,Peterson,M,California
C0848,Rebecca,Unknown,F,California
C0849,Oscar,Gomez,M,Unknown
C0850,Randall,Unknown,M,Texas
C0851,Darrell,Unknown,M,Unknown
C0852,Jordan,Tanner,M,New York
C0853,Robert,Snyder,M,New York
C0854,John,Unknown,M,New York
C0855,Franklin,Garcia,M,Texas
C0856,Thomas,Unknown,M,California
C0857,Austin,Espinoza,M,New York
C0858,Joshua,Payne,M,California
C0859,Robert,Unknown,M,California
C0860,Cathy,Unknown,F,New York
C0861,Jacob,Williams,M,Ohio
C0862,Bryan,Hernandez,M,New York
C0863,Martin,Velasquez,M,California
C0864,Eric,Wilson,M,New York
C0865,David,Unknown,M,Texas
C0866,Phillip,Lopez,M,New York
C0867,Jorge,Unknown,M,Texas
C0868,Tyler,Garrison,M,New York
C0869,Jillian,Hughes,F,Unknown
C0870,Jasmine,Edwards,F,Ohio
C0871,Daniel,Curry,M,Texas
C0872,Joseph,Turner,M,Ohio
C0873,Cody,Unknown,M,Texas
C0874,Joshua,Young,M,Texas
C0875,Dawn,Nunez,F,New York
C0876,Jasmine,Washington,F,New York
C0877,Kenneth,Hill,M,Ohio
C0878,Brian,Unknown,M,Ohio
C0879,Nicholas,Ramirez,M,California
C0880,Aaron,Morrison,M,Texas
C0881,Scott,Unknown,M,New York
C0882,Sean,Smith,M,Texas
C0883,Brian,Beard,M,California
C0884,Jose,Unknown,M,Unknown
C0885,James,Williams,M,Ohio
C0886,Angela,Unknown,F,Ohio
C0887,Evan,Andrews,M,Unknown
C0888,Donald,Lewis,M,New York
C0889,Christopher,Unknown,M,California
C0890,Zachary,Moore,M,Texas
C0891,Marcus,Unknown,M,Texas
C0892,Christopher,Unknown,M,New York
C0893,David,Unknown,M,Ohio
C0894,Samantha,Unknown,F,Unknown
C0895,Gregg,Unknown,M,Ohio
C0896,James,Williams,M,New York
C0897,James,Morgan,M,New York
C0898,Juan,Hamilton,M,California
C0899,David,Powell,M,Texas
C0900,Eric,Unknown,M,Ohio
C0901,Evan,Farrell,M,Texas
C0902,Sean,Harris,M,New York
C0903,Brandon,Sullivan,M,Unknown
C0904,David,Unknown,M,New York
C0905,Alan,Melton,M,New York
C0906,Michael,Zuniga,M,Ohio
C0907,Bradley,Parrish,M,Ohio
C0908,Kevin,Cruz,M,New York
C0909,Steven,Hamilton,M,California
C0910,Derek,Carpenter,M,New York
C0911,Scott,Beasley,M,New York
C0912,Kristina,Unknown,F,Texas
C0913,Robert,Ramirez,M,New York
C0914,Thomas,Smith,M,New York
C0915,Christopher,Ryan,M,Unknown
C0916,Lucas,Hernandez,M,Ohio
C0917,Sandra,Gonzalez,F,New York
C0918,Katie,Bailey,F,Texas
C0919,John,Sullivan,M,New York
C0920,William,Unknown,M,Texas
C0921,David,Lewis,M,Texas
C0922,Peter,Unknown,M,Unknown
C0923,Richard,Mcdaniel,M,Ohio
C0924,Albert,Bolton,M,New York
C0925,Susan,Unknown,F,Texas
C0926,William,Unknown,M,New York
C0927,Christopher,Williams,M,Ohio
C0928,Roger,Patrick,M,New York
C0929,David,Unknown,M,Ohio
C0930,Charles,Unknown,M,Texas
C0931,Timothy,Campbell,M,Unknown
C0932,Misty,Unknown,F,California
C0933,Patricia,Unknown,F,California
C0934,Timothy,Unknown,M,New York
C0935,Jeffrey,Rose,M,California
C0936,Paul,Unknown,M,Unknown
C0937,Kyle,Robertson,M,California
C0938,Alexander,Miller,M,Texas
C0939,Sandra,Unknown,F,California
C0940,Shane,Ward,M,Texas
C0941,Melvin,Unknown,M,New York
C0942,Thomas,Unknown,M,California
C0943,Mark,Velez,M,New York
C0944,Carlos,Richards,M,Texas
C0945,Garrett,Miller,M,Ohio
C0946,Gabriel,Cole,M,California
C0947,James,Robertson,M,California
C0948,Richard,Powell,M,California
C0949,David,Unknown,M,New York
C0950,Eric,Walker,M,New York
C0951,Luis,Cooper,M,New York
C0952,Gregory,Unknown,M,Ohio
C0953,David,Lynch,M,California
C0954,Keith,Unknown,M,Unknown
C0955,Dawn,Rogers,F,California
C0956,Mark,Allen,M,Ohio
C0957,Jason,Williams,M,New York
C0958,Molly,Gill,F,New York
C0959,Jonathan,Unknown,M,Unknown
C0960,David,Butler,M,New York
C0961,John,Rodriguez,M,Texas
C0962,Penny,Unknown,F,Ohio
C0963,Matthew,Valentine,M,New York
C0964,Carolyn,Unknown,F,California
C0965,Scott,Unknown,M,Ohio
C0966,Christopher,Meadows,M,Ohio
C0967,Steven,Gill,M,Texas
C0968,Randy,Smith,M,New York
C0969,Daniel,Hendrix,M,Unknown
C0970,Tyler,Allen,M,Ohio
C0971,Jeff,Nelson,M,New York
C0972,Dennis,Unknown,M,California
C0973,Casey,Le,M,Ohio
C0974,Carolyn,Howell,F,Ohio
C0975,Peter,Unknown,M,New York
C0976,Jeremy,Tran,M,Texas
C0977,Daniel,Malone,M,Texas
C0978,Kenneth,Ryan,M,Unknown
C0979,Andrew,Unknown,M,New York
C0980,Bruce,Hawkins,M,Ohio
C0981,Matthew,Martinez,M,Texas
C0982,Kathy,Unknown,F,California
C0983,Daniel,Unknown,M,New York
C0984,Sheri,Torres,F,California
C0985,Jose,Chan,M,New York
C0986,Vincent,Unknown,M,Ohio
C0987,Patrick,Flores,M,New York
C0988,Robert,Thompson,M,New York
C0989,Lucas,Conley,M,New York
C0990,Kiara,Miranda,F,Ohio
C0991,David,Mcclure,M,New York
C0992,Ann,Sandoval,F,New York
C0993,David,Mcmillan,M,California
C0994,John,Patrick,M,New York
C0995,Jason,Graham,M,New York
C0996,Felicia,Howe,F,New York
C0997,Joel,Jordan,M,New York
C0998,Wayne,Unknown,M,Texas
C0999,Alexandra,Fox,F,California
C1000,Todd,Robinson,M,California
