CustomerID,FirstName,LastName,Gender,Region,SSN
C0001,Gregory,Miller,M,Ohho,082573197
C0002,Marvin,,male,california,309-6256-21
C0003,Gregory,Smith,Male,New Yorkk,407071725
C0004,Edward,Davis,male,Ohho,948.18.5740
C0005,Reginald,Dawson,male,Texas,975.72.3056
C0006,Virginia,Bryant,Female,Ohio,981/72/7452
C0007,Benjamin,Shepherd,Male,Ohho,048008736
C0008,Robert,Pierce,Male,New York,009/01/2352
C0009,Samuel,Mcconnell,male,Californiya,007-3486-87
C0010,Jason,,Male,NY,785/76/9341
C0011,Jason,Morales,male,,325-2353-01
C0012,Charles,,Male,New York,239.14.0962
C0013,Brandon,,M,Ohio,573-3595-11
C0014,Jeffery,Cabrera,M,New Yorkk,705.13.1809
C0015,William,Gonzalez,male,New York,058-13-1272
C0016,Joe,Barnett,M,Ohho,995/87/4707
C0017,Angela,Cantrell,Female,Texas,648-61-0422
C0018,Mariah,Wilson,F,NY,108/82/5602
C0019,Michael,,male,New Yorkk,018-10-5442
C0020,Robert,,Male,NY,029-4166-39
C0021,Rachel,,Female,Nw York,453-6622-48
C0022,Timothy,,M,Texas,239-01-2990
C0023,Grant,Bartlett,male,Ohio,914-9819-50
C0024,Luis,Roberts,Male,NY,763990480
C0025,Jordan,Mercado,male,Texaz,765370466
C0026,Jesse,Wilkerson,male,NY,929/20/0753
C0027,Brandon,Smith,male,New Yorkk,614443050
C0028,William,Smith,male,Californiya,497/91/9481
C0029,Timothy,,male,Ohho,916.67.4499
C0030,Desiree,Washington,Female,Ohio,408-46-8745
C0031,Steven,Morgan,M,Ohho,701763121
C0032,Joshua,Carson,male,NY,568-92-0245
C0033,Joshua,Robinson,M,Nw York,047014271
C0034,Paula,Hanson,F,Ohio,081/07/9840
C0035,Joshua,Sullivan,M,Texaz,904.58.8403
C0036,Lori,Long,Female,Californiya,017-5322-19
C0037,Brett,,Male,,890898446
C0038,Jose,Griffin,male,california,209/80/2253
C0039,John,Mendoza,male,Nw York,490-4888-96
C0040,Yvette,Wood,female,Ohho,367-78-2663
C0041,Michael,Stephens,M,Nw York,936-93-1355
C0042,Steven,Farley,Male,Texaz,184/60/5366
C0043,Rachel,,female,New York,419/85/0542
C0044,James,Robbins,male,Nw York,461-34-7072
C0045,Andrew,Hopkins,Male,Nw York,863-15-2583
C0046,Dennis,,Male,Californiya,573/90/4617
C0047,Seth,Hess,Male,Texas,075643618
C0048,Frank,Ross,M,Ohho,466.83.1539
C0049,Jeffrey,,M,Texaz,987/35/8591
C0050,Kimberly,Wright,female,Nw York,556/57/7221
C0051,David,,Male,,709.24.5509
C0052,Todd,Kelley,M,New York,111-35-6646
C0053,Ian,Schneider,M,Nw York,174630010
C0054,Christopher,White,Male,california,356.84.9560
C0055,Jonathan,Thomas,M,New Yorkk,699-0156-58
C0056,Sonia,Vaughn,female,Californiya,906-9403-74
C0057,Brian,Price,M,Ohho,857/37/7811
C0058,Steven,Miller,Male,Texaz,097-6290-75
C0059,Eric,Hoffman,Male,california,696/48/3718
C0060,Jonathan,,male,New York,054.34.9385
C0061,Gary,Nunez,male,Nw York,140/20/8506
C0062,Mark,Adams,male,Texaz,550-55-0046
C0063,Latoya,,female,Ohho,575-57-9346
C0064,Jason,,M,,051/16/0222
C0065,Anthony,Butler,M,Ohho,816-77-4692
C0066,Thomas,Kelly,M,california,951.13.3429
C0067,Eric,Morris,male,NY,192-18-1825
C0068,John,,M,,866-81-0493
C0069,David,Hardy,Male,Californiya,133-1820-60
C0070,Kevin,Franklin,M,New York,632496047
C0071,Charles,Warren,male,Texas,515-65-1928
C0072,Eric,Mora,M,Californiya,458923106
C0073,Vincent,,M,NY,129128820
C0074,Roberto,,M,Nw York,363-76-4583
C0075,Troy,Garcia,Male,NY,977/03/9472
C0076,James,Clark,M,Texaz,430-92-2347
C0077,John,Johnson,male,,747-8226-62
C0078,Caleb,Ramirez,M,NY,301728783
C0079,Timothy,,Male,New York,410/56/1810
C0080,Ian,Fowler,male,,558-15-0115
C0081,Ryan,Pearson,Male,Californiya,674718631
C0082,Samuel,Lopez,Male,Ohho,945-93-6644
C0083,Antonio,,Male,Texas,510-56-7460
C0084,Michael,Brooks,M,Ohho,119-91-7665
C0085,Lindsay,Roberts,female,Ohio,815/63/1005
C0086,Robert,,M,Ohho,094-07-1577
C0087,John,,M,Californiya,263-34-6589
C0088,William,,M,Ohio,622.41.1761
C0089,Anthony,Lin,Male,New York,231-34-6985
C0090,Jeremy,Williams,male,NY,638708215
C0091,Anna,,female,Texas,551/20/3013
C0092,Antonio,,male,Ohio,056245826
C0093,Samuel,Woods,M,Ohho,498/10/5868
C0094,Darren,Woods,Male,Texaz,301.92.4330
C0095,Paul,Reed,male,Texaz,378-8854-80
C0096,Christina,Brown,F,Californiya,869-8672-31
C0097,Anthony,Watts,M,Texas,620/44/5794
C0098,Cassandra,Jones,Female,New Yorkk,149340457
C0099,Corey,Valentine,M,Californiya,940/17/7867
C0100,Vernon,Morrow,M,Texaz,719/37/8837
C0101,Robert,Johnson,male,Ohio,040-6106-97
C0102,Dennis,Dominguez,male,New York,550/01/1030
C0103,Michael,,M,california,696/54/6354
C0104,Stanley,Martin,Male,Nw York,842.67.0625
C0105,David,Vance,male,New York,343-0309-22
C0106,Jason,Abbott,Male,Texas,636/18/1643
C0107,Christine,Ellis,F,New Yorkk,634157903
C0108,Edwin,Burgess,M,New York,078/39/8291
C0109,Caleb,Long,male,,580/78/2929
C0110,Megan,Miller,F,Ohio,898-14-6425
C0111,Brett,,M,Texaz,125/91/7939
C0112,Tyrone,Bell,Male,Californiya,753-05-5870
C0113,Fernando,Martinez,male,Californiya,913-0392-42
C0114,Tyrone,Brown,M,Texaz,333-4677-11
C0115,William,Branch,Male,New York,008.41.7074
C0116,Richard,,M,Californiya,358.34.4223
C0117,Donald,Terrell,male,Californiya,207-88-9507
C0118,Joseph,Morgan,male,Ohho,153-1650-24
C0119,Johnny,,M,california,165.62.2040
C0120,Roger,,M,Californiya,562976885
C0121,Melissa,Dominguez,female,New Yorkk,177/76/4159
C0122,Dustin,Cook,male,Ohio,248.48.6801
C0123,Rebecca,Armstrong,female,Ohho,624.66.3469
C0124,Gabriel,,M,Nw York,175915578
C0125,Christopher,Green,Male,Californiya,328058594
C0126,Keith,Oneal,Male,Californiya,275.56.4906
C0127,Frank,Turner,Male,,817-84-4697
C0128,Tina,,Female,Ohio,387/15/2762
C0129,Gregory,Neal,M,Texaz,654553785
C0130,Ronald,,M,Ohho,622/83/6352
C0131,Daniel,,Male,NY,378424172
C0132,Ryan,Stephens,M,,198-5941-83
C0133,Kevin,,Male,,294/23/8712
C0134,Cole,Nelson,Male,california,677-4317-21
C0135,William,Watkins,M,Texas,532-1241-44
C0136,Crystal,Floyd,Female,Nw York,168-52-8691
C0137,Nicole,,F,Nw York,297.91.0856
C0138,William,Boone,male,,499-81-2161
C0139,Robert,Cook,male,Texas,615.11.2555
C0140,Cesar,Wise,Male,NY,203-69-9425
C0141,Douglas,Miller,Male,Ohio,964/33/8007
C0142,Travis,Johnson,male,Californiya,508-54-8337
C0143,Sydney,Fisher,female,Nw York,706854753
C0144,Clifford,,male,Texas,343/87/7021
C0145,Aaron,,male,Texaz,523/68/1709
C0146,Zachary,,male,Ohio,608-6876-51
C0147,Christopher,Hall,Male,Californiya,200/46/6014
C0148,Matthew,,Male,Californiya,099/89/5098
C0149,Robert,Adkins,Male,New York,868-36-4514
C0150,Jon,Cohen,M,california,635-23-8437
C0151,Matthew,Walter,M,,649/41/9497
C0152,Steven,,Male,Texaz,985/71/5518
C0153,Gregory,Krueger,M,Californiya,274.65.4231
C0154,Andrew,,M,Texaz,709/37/6129
C0155,Amanda,Browning,female,Texas,000.80.2922
C0156,Derrick,Bennett,Male,NY,333070492
C0157,John,,M,Nw York,905-21-5215
C0158,Jeffrey,Harris,male,Nw York,470/86/8400
C0159,Alexander,,male,New York,601802494
C0160,Amy,Cruz,female,Texaz,130/29/5709
C0161,Justin,Williams,M,,780-84-0007
C0162,James,Williams,male,New York,169-8295-71
C0163,Tina,Holt,female,New York,546-5872-81
C0164,Theresa,Davis,Female,Texaz,816.34.7228
C0165,Gregory,Ortega,M,NY,859-3483-25
C0166,Ronald,,Male,NY,276.53.5075
C0167,Kevin,,M,New York,076-88-2950
C0168,David,Miller,male,california,914.36.7227
C0169,Keith,Reed,male,New Yorkk,401/07/7473
C0170,Cody,Keller,Male,Ohho,684-75-7240
C0171,Tim,Cameron,Male,Texaz,836.32.9420
C0172,Michael,Bates,M,Texas,745-11-7268
C0173,Alexander,Flores,Male,,216.17.3440
C0174,Chloe,Wheeler,F,Ohio,560-5974-28
C0175,Darrell,Smith,male,New Yorkk,198963876
C0176,Edward,Bell,M,New York,381-9101-40
C0177,Daniel,,Male,Californiya,751-0588-72
C0178,Miguel,Chung,male,NY,282577204
C0179,Michael,,male,Nw York,204846261
C0180,John,,male,Californiya,348492942
C0181,Michael,Hodges,Male,Texaz,778-30-1843
C0182,David,Tran,Male,Ohio,708199071
C0183,Mark,Howell,Male,Texas,735-3810-42
C0184,Miguel,Goodman,male,Texaz,713156107
C0185,James,Murphy,M,NY,906/91/8733
C0186,Christopher,Santos,male,Ohio,375/12/9236
C0187,Thomas,,M,New Yorkk,021777542
C0188,Wayne,Snyder,Male,Texaz,491-38-4012
C0189,David,Jackson,M,New Yorkk,157-40-2491
C0190,Matthew,Gray,male,Ohho,764979468
C0191,Christopher,Sandoval,Male,New York,690628259
C0192,Thomas,,male,Nw York,359-56-1933
C0193,Julie,Lozano,F,Nw York,749/67/4470
C0194,Eric,,M,Ohio,689.37.9003
C0195,Tamara,,Female,New York,358-4954-00
C0196,Kevin,,Male,,121/19/2928
C0197,Tyler,Larsen,male,Nw York,860616468
C0198,James,Ortiz,male,california,603762095
C0199,Maurice,,Male,NY,959/51/2357
C0200,Mario,Huff,M,,023-8191-37
C0201,Cameron,Santiago,male,Ohho,035.58.0197
C0202,Jason,,male,Ohho,858/37/6262
C0203,Michael,Holloway,Male,Ohho,523/56/9572
C0204,Raymond,,Male,NY,234-22-9115
C0205,Christopher,Johnson,male,Nw York,196.54.2452
C0206,Steven,Johnson,Male,New Yorkk,350-34-3088
C0207,Brandon,,Male,Ohio,969/21/5763
C0208,Logan,,M,Texas,956-29-7833
C0209,Andrew,Curtis,M,New York,866-6045-95
C0210,Thomas,Lopez,M,Ohho,826-47-0616
C0211,Daniel,Holland,Male,Ohho,115.11.4720
C0212,Eric,Burgess,M,NY,207-1954-25
C0213,Brian,Esparza,male,Ohho,499/92/6999
C0214,Larry,Knight,Male,Texaz,238-5259-72
C0215,Reginald,Lee,M,Texaz,278-6380-19
C0216,Spencer,Howard,Male,Texas,854291313
C0217,Susan,Smith,female,Texaz,414622277
C0218,Daniel,Wilcox,Male,Ohio,852.84.1205
C0219,Derek,,M,,527.30.6899
C0220,Gregory,Trujillo,Male,Texas,350-09-8032
C0221,Keith,Brown,male,Texaz,210.24.8549
C0222,Samantha,Barnes,Female,Californiya,377.37.4733
C0223,Stephanie,Mckenzie,F,Texas,096-7013-07
C0224,Cesar,,male,Texas,907.42.6622
C0225,Thomas,Sosa,Male,Texaz,079-30-2406
C0226,Christopher,,M,New Yorkk,280.99.7339
C0227,Jeffrey,,male,Ohho,465.35.7339
C0228,Travis,Jones,male,New Yorkk,473-77-9006
C0229,Derrick,Walters,male,New Yorkk,154.95.7652
C0230,Daniel,Mitchell,male,california,899.86.9584
C0231,Jacob,Walton,Male,Texas,268796912
C0232,Mark,Hopkins,male,New York,469/86/0676
C0233,Mary,,F,Ohio,400/27/9865
C0234,Andrew,Bush,M,Californiya,376/12/4410
C0235,Amy,,Female,NY,604/91/9892
C0236,Travis,,M,california,545.77.6601
C0237,Marc,,Male,NY,439493309
C0238,Jay,Wright,M,Ohio,187/92/1561
C0239,Frank,,male,New York,535-12-6229
C0240,Jessica,,female,NY,810.76.7865
C0241,Samuel,Taylor,M,NY,703724255
C0242,Jeffrey,Sparks,Male,NY,765.95.6872
C0243,Eric,Lopez,Male,New York,582-6685-00
C0244,Mark,Davidson,male,Texas,677-6519-26
C0245,Mary,Anderson,F,Texaz,992/00/2853
C0246,Amanda,Kelly,F,Ohho,418-5224-65
C0247,Steven,Williams,male,New York,819/70/1950
C0248,Michelle,Morrow,F,california,899686937
C0249,Robert,Pena,male,NY,988-13-4076
C0250,Rodney,Adams,Male,New York,180071694
C0251,Roy,Cruz,M,NY,495401130
C0252,Joan,Johnson,female,california,466.71.0398
C0253,Michael,,Male,Ohho,798.49.0734
C0254,Shannon,Johnson,F,New Yorkk,982.00.8775
C0255,David,Adams,male,Californiya,138-2451-44
C0256,Dwayne,,M,NY,517.33.9517
C0257,Kevin,,Male,Ohho,361/85/8506
C0258,Sherry,,Female,Texas,533.41.9413
C0259,Samantha,Mays,F,Nw York,594/56/7425
C0260,Robert,Anderson,M,NY,925-17-6007
C0261,Julie,Meyers,F,New York,522.61.5596
C0262,Kyle,Church,male,Ohho,821572393
C0263,Nicholas,Clark,male,NY,661308159
C0264,Tracy,Peterson,Female,Texas,350.02.8080
C0265,Lori,Mccarthy,F,Texas,638/29/4112
C0266,Amy,Buck,female,New York,150634899
C0267,James,,male,Nw York,005-66-9453
C0268,Jessica,Dawson,F,Ohio,463/68/4353
C0269,Madison,,female,Nw York,093-7652-03
C0270,Richard,Schaefer,Male,Ohho,650/80/4653
C0271,Nicholas,,M,Californiya,088.13.8659
C0272,Erika,Sanchez,Female,Texaz,759457940
C0273,Geoffrey,Bell,Male,california,378-0441-49
C0274,Michael,Martinez,male,Ohho,221.45.4213
C0275,Joseph,Bowers,M,,715420916
C0276,Johnathan,Williams,male,california,698.77.0629
C0277,Jessica,Hawkins,female,Californiya,509952002
C0278,Seth,,male,New York,574-59-5993
C0279,Jennifer,Ferguson,Female,New Yorkk,940-38-6159
C0280,Andrew,Smith,male,,913-6969-10
C0281,Michelle,Conrad,F,Texaz,272/42/4961
C0282,Gavin,Sloan,male,New York,409-5608-63
C0283,Heather,Hawkins,Female,Texas,285.96.0691
C0284,Erik,Baker,M,,845-7862-88
C0285,Ruben,,M,Ohio,280.78.2463
C0286,Mary,Griffin,Female,Texas,184-6499-18
C0287,Sharon,,F,Texaz,124.25.4335
C0288,Karen,Hays,F,,448.28.6732
C0289,John,Williams,M,california,559.57.9989
C0290,Erik,,M,New York,608-71-7297
C0291,Jeffrey,,M,Texas,561.24.5225
C0292,Shawn,,M,New Yorkk,456-3413-94
C0293,Bradley,Black,Male,Texaz,824/56/2887
C0294,Peter,Bennett,Male,Texaz,312.52.9723
C0295,Bryan,Ryan,M,Californiya,748-1896-05
C0296,Nancy,,female,california,182820684
C0297,Timothy,Myers,M,Texas,667403920
C0298,Carla,Rosario,female,california,889-89-0252
C0299,Hannah,Greer,female,california,709-8128-72
C0300,Melanie,Thompson,female,california,659-39-6269
C0301,Anthony,,Male,New Yorkk,479-5689-61
C0302,Jason,Gonzales,male,Nw York,522-57-0366
C0303,Ryan,Matthews,male,,727/85/9949
C0304,Calvin,Soto,Male,New Yorkk,898/08/3634
C0305,Curtis,Mccormick,male,Ohio,765664501
C0306,Jonathan,Chan,male,,722/35/0922
C0307,James,Franco,male,Texas,413-69-2485
C0308,Larry,Walker,male,california,558-3004-89
C0309,Anthony,Cox,male,Nw York,789-7985-30
C0310,Kevin,Ray,Male,Texas,546/20/9671
C0311,David,Owens,male,california,404-41-9336
C0312,Jack,Pugh,Male,california,158/15/7436
C0313,Christopher,,M,Ohho,211.01.0961
C0314,David,Mcguire,M,Nw York,596519026
C0315,Allison,,Female,Ohio,689.88.3957
C0316,George,,male,Texaz,305-09-9813
C0317,Steven,Stark,M,Californiya,908.70.1469
C0318,Michael,Solis,Male,Nw York,305.22.3195
C0319,Karen,Sullivan,F,Texas,246-94-7297
C0320,Cory,Ramsey,Male,california,438-99-0756
C0321,Kelly,,female,california,567039426
C0322,Joseph,,male,Texaz,897-8017-80
C0323,Peter,Henson,Male,Nw York,137.81.5524
C0324,Tony,,male,Ohho,165-2215-26
C0325,Bonnie,,female,Texas,005-6989-59
C0326,Joshua,Reynolds,male,New York,660.36.0584
C0327,Anthony,Jordan,male,Nw York,779-2521-82
C0328,Gregory,Allen,Male,NY,661-2657-81
C0329,Steven,Davis,male,Nw York,271957229
C0330,Bryan,Richmond,male,Texaz,355-6643-42
C0331,David,,male,california,356-0126-98
C0332,Erika,,F,Californiya,884-6584-37
C0333,David,Burns,M,Texas,643-9228-20
C0334,John,,M,california,375.72.6314
C0335,Larry,Jefferson,male,NY,358-4194-04
C0336,Jesse,,Male,NY,129/12/1590
C0337,William,Ray,male,,228-7071-40
C0338,Richard,,male,Ohio,811.18.7611
C0339,Alex,,Male,Ohio,744-0211-27
C0340,Frank,,male,Californiya,277.76.9327
C0341,David,,M,Nw York,797-9320-55
C0342,Robert,,M,Nw York,990-32-5135
C0343,Matthew,Berry,male,Ohio,894-81-9798
C0344,Noah,,M,Texas,510296857
C0345,Anthony,Hull,male,NY,697-9178-25
C0346,Jeremy,Lambert,male,california,658/34/6936
C0347,Stephen,Phillips,Male,Nw York,734845687
C0348,Mike,Burke,M,Texas,866.77.5234
C0349,John,Mcintosh,male,New York,698/80/9899
C0350,David,,male,Californiya,147653850
C0351,Jessica,Manning,female,New Yorkk,647.75.8737
C0352,Sean,Simpson,male,Ohio,638-7289-08
C0353,Nathan,,Male,New Yorkk,504-2411-39
C0354,Mitchell,Johnson,male,california,829-8763-88
C0355,Pamela,Mcbride,F,NY,425.90.2226
C0356,Stephen,Taylor,male,Texaz,177-5404-42
C0357,Jose,,Male,NY,277415602
C0358,Roger,Thompson,Male,Ohio,802-12-7690
C0359,Alexander,Morrison,Male,Texas,836-92-1153
C0360,Gabriel,Walker,Male,Ohho,898/87/7272
C0361,Andrew,Tucker,M,Ohho,648-0659-49
C0362,Matthew,Gillespie,male,Californiya,084-46-7165
C0363,Roy,Hernandez,M,New Yorkk,893-61-4036
C0364,Howard,Carlson,Male,NY,507.62.8576
C0365,John,Edwards,M,Nw York,632-49-3571
C0366,John,Edwards,M,Ohio,462-59-5855
C0367,Thomas,Middleton,Male,Ohio,826-5829-90
C0368,Robin,,F,Ohho,882.48.4061
C0369,Robert,Wiggins,male,california,029-0509-87
C0370,Sara,,female,,059281675
C0371,Leonard,,Male,Ohho,149.19.7207
C0372,John,Smith,Male,NY,713-22-7086
C0373,Peter,,M,Texaz,292-8736-78
C0374,John,Morris,M,Ohho,748-0135-16
C0375,Robert,,Male,Ohio,209-2035-64
C0376,Joshua,Anderson,M,Californiya,271145858
C0377,Christopher,,M,Texaz,960.64.6196
C0378,Dennis,Black,male,New Yorkk,915-18-3314
C0379,Paula,Adkins,F,california,437.43.3821
C0380,Steven,Brown,Male,New Yorkk,257/55/8548
C0381,Roy,West,male,Texaz,304865846
C0382,Crystal,,F,New York,937-5709-93
C0383,Lisa,Miller,female,Texaz,802/59/4377
C0384,Cory,Oconnor,M,california,030/98/0111
C0385,Daniel,,Male,NY,223725368
C0386,Jillian,Stone,Female,california,086.66.0761
C0387,Peter,Hurst,M,Texaz,779-6719-71
C0388,Frank,Flores,male,Ohho,407.29.8822
C0389,David,,M,New York,997/21/2778
C0390,Tanya,,Female,california,561244634
C0391,Eric,Bailey,M,New York,030/92/0130
C0392,Jason,,male,Californiya,941/81/5485
C0393,Brandon,Ruiz,M,Californiya,632-46-1894
C0394,Erin,Carroll,female,NY,024/76/7243
C0395,Joseph,,M,california,538-65-5716
C0396,Warren,Bell,M,Texaz,182324729
C0397,Glenda,Jackson,F,Texas,851/72/1298
C0398,Laura,Byrd,female,california,953.50.4542
C0399,Matthew,,M,Ohho,564-98-7216
C0400,Jesse,,M,,863-0850-99
C0401,Timothy,Guzman,male,Texas,009775821
C0402,John,,M,New York,349.92.3704
C0403,Jasmine,,F,Californiya,030.41.0612
C0404,Anthony,Taylor,Male,New Yorkk,596750707
C0405,Lee,Boyd,male,Texaz,973.12.1661
C0406,Darrell,,male,Texas,413/21/8677
C0407,Christian,Mcdaniel,male,Ohho,466-1910-56
C0408,Crystal,Kim,F,NY,768-04-8601
C0409,Robert,Greer,Male,New Yorkk,797/69/2134
C0410,Brent,Banks,Male,Nw York,263013531
C0411,Scott,,M,california,302090516
C0412,Jessica,Smith,F,Texas,847-38-4935
C0413,Christina,,female,Texas,700493877
C0414,Paul,Simmons,Male,california,786274563
C0415,Anthony,,M,Californiya,480-2618-29
C0416,Nicholas,Browning,Male,New Yorkk,805/15/7487
C0417,Troy,,Male,Ohho,045-9897-29
C0418,Ross,Lee,male,Californiya,789058243
C0419,Gordon,Robinson,Male,california,440-4675-63
C0420,April,Fuentes,F,NY,132-0382-03
C0421,Herbert,,M,Ohho,035/97/8898
C0422,Shelby,,Female,New Yorkk,307-93-4376
C0423,Ryan,Maldonado,M,NY,355-05-6327
C0424,Shannon,Barker,Female,,313-47-0842
C0425,Justin,,Male,Californiya,791670874
C0426,Brandon,Hernandez,M,,904/60/5617
C0427,Cameron,Dominguez,Male,Nw York,084-1787-56
C0428,Joseph,Moore,M,california,017/47/0860
C0429,Mary,Buckley,F,New Yorkk,442/92/7146
C0430,Dan,,M,Ohho,249/55/2779
C0431,Jeffrey,Martinez,M,california,042-24-8141
C0432,Olivia,,female,Ohho,051.36.9965
C0433,Bryan,Hale,Male,Ohho,634.53.0391
C0434,Matthew,,male,Californiya,783911683
C0435,Robert,,Male,New York,815533127
C0436,Vincent,Rodriguez,M,Texas,198.07.0447
C0437,Richard,Williams,M,NY,908719026
C0438,Melanie,Little,Female,New Yorkk,828/28/9179
C0439,Brian,Acevedo,M,New York,272/05/3601
C0440,Larry,,male,New Yorkk,347-3921-42
C0441,Terri,Edwards,F,Californiya,493/90/7825
C0442,Seth,Alexander,male,,555.08.9445
C0443,Matthew,Owens,Male,california,352.40.0102
C0444,Jason,Wagner,Male,Ohho,982/05/1754
C0445,Michael,Savage,Male,New York,882/65/4392
C0446,Michael,Carrillo,M,Nw York,564/48/4536
C0447,Stephanie,,F,Nw York,663/59/5592
C0448,April,Mcdowell,Female,New York,073402459
C0449,Amy,Ferguson,Female,Texaz,749164614
C0450,Donna,,F,NY,706-0747-80
C0451,Brian,Cooper,Male,Ohio,861.42.5250
C0452,Theresa,,female,Ohio,570-1296-54
C0453,Jacob,Coffey,Male,Ohho,867/43/6512
C0454,Terry,,M,Texas,677/16/8115
C0455,James,Chen,Male,Californiya,487420419
C0456,Brittany,Johnson,female,Texas,979/17/3836
C0457,Destiny,Marks,Female,New York,672-40-9579
C0458,Louis,,Male,Texaz,784481326
C0459,Brittney,Cook,female,Nw York,970-61-3474
C0460,Gina,Woods,Female,california,275/04/1147
C0461,Randy,,Male,Ohio,338.73.8644
C0462,Craig,Walker,M,Californiya,998-9930-65
C0463,Martin,,M,california,790/15/3522
C0464,Jordan,Powers,Male,california,922.14.4773
C0465,Andre,,Male,Texas,837.68.5476
C0466,Rachel,Lewis,Female,Ohho,602.11.3834
C0467,James,,Male,NY,456.67.7367
C0468,Tammy,Turner,F,california,362/63/7054
C0469,Helen,,Female,Ohho,139-3812-77
C0470,Misty,White,Female,Texas,563/82/5460
C0471,Nicole,Walton,F,Texaz,582-91-9525
C0472,William,Mullins,Male,New York,008/37/7542
C0473,Brandon,,male,New Yorkk,170-13-0546
C0474,Jacob,Taylor,M,Californiya,604112993
C0475,Charles,Cook,male,New York,280-8436-92
C0476,Jonathan,Daniel,male,Texas,534.21.2238
C0477,Timothy,,Male,Nw York,294.62.3873
C0478,James,,M,Ohio,454-62-5243
C0479,Jack,,male,Ohho,007204052
C0480,David,Smith,Male,Texaz,847-71-5785
C0481,Timothy,,male,Texaz,868249618
C0482,Ricky,Watson,M,Californiya,271-4829-98
C0483,Benjamin,Foster,M,,665/64/0040
C0484,Jacob,Lyons,M,New York,362.91.5393
C0485,Jamie,White,male,,056/37/9133
C0486,Matthew,,Male,New York,975-57-2862
C0487,Melvin,Lewis,male,New Yorkk,394.45.8655
C0488,John,Johnson,male,New York,210-75-4618
C0489,Adam,Smith,M,Ohio,140-1181-96
C0490,Susan,,Female,Texas,513-27-7362
C0491,Aaron,Barnes,male,New Yorkk,808/49/9780
C0492,Christopher,Ford,Male,Texas,901-32-4128
C0493,Carlos,Bailey,M,NY,686/41/1046
C0494,Jacob,Smith,Male,New Yorkk,730072863
C0495,Robert,Lewis,male,Texaz,937.73.2844
C0496,Sherry,Mckenzie,F,New Yorkk,897/44/0990
C0497,Oscar,Mcgrath,male,New York,891-1967-55
C0498,Jeremy,Williams,male,Texas,790-64-7519
C0499,Jason,Watkins,Male,Californiya,949235279
C0500,Jeffrey,Dean,male,New York,254/37/1125
C0501,Valerie,Lester,F,Texas,268/11/5021
C0502,Ryan,Fischer,male,Texas,094-5198-63
C0503,April,,female,Texaz,191/78/6810
C0504,Emily,Washington,female,Texaz,658093925
C0505,Jordan,Martin,M,california,754.06.2267
C0506,Kenneth,,male,New York,329100206
C0507,John,Hale,Male,california,833-6515-21
C0508,Michael,Davis,M,Ohho,427-85-7401
C0509,Nicholas,,male,Ohio,872-17-5577
C0510,Tristan,,Male,Nw York,111-1123-01
C0511,Chad,Ramos,M,Texas,886579305
C0512,Ryan,Lee,M,Nw York,877-85-7648
C0513,Danielle,,F,Nw York,800-4481-53
C0514,Brian,Wallace,M,New Yorkk,374475345
C0515,Elizabeth,Boyd,F,NY,200-82-3160
C0516,Nathaniel,Snyder,M,NY,397-37-7759
C0517,Donald,,Male,Ohio,715-6758-13
C0518,Juan,Miller,Male,Texaz,638-37-0869
C0519,Barbara,Ellis,F,Californiya,990/97/4201
C0520,Jacob,Hughes,M,Californiya,138/39/3386
C0521,Jack,Castaneda,male,Nw York,050-27-2120
C0522,William,Smith,M,Texas,302-5533-55
C0523,Raymond,Wood,M,Texas,806-60-9242
C0524,Teresa,Martin,female,Ohho,034192490
C0525,Carl,Lindsey,Male,Ohio,323198349
C0526,Edgar,Bennett,M,Californiya,444.54.2284
C0527,Carlos,Bowman,male,Ohho,886.43.8183
C0528,Tracy,Stewart,M,Texaz,331959404
C0529,Bruce,Snow,M,Californiya,725.90.3432
C0530,Steven,Bennett,M,Nw York,460196325
C0531,Troy,,M,New Yorkk,028-94-7382
C0532,Daniel,Perkins,Male,Californiya,597/37/8024
C0533,Gabriel,,Male,Ohio,028432126
C0534,Brandon,Gamble,Male,Ohho,530-0021-67
C0535,Kenneth,,M,New Yorkk,760.39.1227
C0536,Daniel,Hardy,M,NY,113/85/1419
C0537,Gary,,M,Nw York,694/61/3884
C0538,Aaron,Peck,M,Nw York,629933034
C0539,Wanda,Clark,Female,NY,992095479
C0540,Eduardo,Stokes,Male,New York,663-14-5012
C0541,Carlos,,M,Texaz,572/63/4991
C0542,Joshua,Kramer,M,Ohio,385-8771-36
C0543,Bradley,Meyers,Male,New York,137-03-1524
C0544,Kyle,Soto,Male,Texas,677.99.4055
C0545,Christopher,Spencer,Male,New Yorkk,612-05-6774
C0546,Stephen,Brown,M,Texaz,732.93.2246
C0547,Kaitlyn,Thomas,Female,New York,764.86.3865
C0548,Eric,Winters,Male,NY,636-59-1132
C0549,Alexander,Harris,M,NY,541-7164-80
C0550,Gregory,Davidson,Male,Californiya,267-97-0472
C0551,Amanda,,F,Texas,034.52.0558
C0552,Kevin,,M,california,966365553
C0553,Miguel,Fletcher,Male,Ohio,987-32-9480
C0554,Gregory,Hicks,M,New Yorkk,966-37-9552
C0555,Alec,,M,Texaz,973-4733-34
C0556,Willie,,M,Californiya,568.43.1594
C0557,Frank,Miller,male,Texas,617-1762-79
C0558,Donna,,F,New Yorkk,089/63/5050
C0559,Carl,Ramirez,M,NY,279-1965-46
C0560,Kimberly,Jones,female,Nw York,562/11/1695
C0561,Christopher,,M,Ohho,876/24/0093
C0562,Brenda,Stephens,Female,Californiya,404404846
C0563,Katherine,Higgins,Female,New Yorkk,016/09/7231
C0564,Dakota,Jones,male,Nw York,893-7996-21
C0565,Mitchell,,M,Texaz,031.87.4001
C0566,Jacob,Wang,Male,New Yorkk,695.73.4158
C0567,Raymond,Gonzalez,M,Ohho,062.89.2798
C0568,Randy,,male,california,398-88-3429
C0569,Heather,Mueller,F,Ohho,947-3711-52
C0570,Lee,Mayo,male,Texas,071-3167-20
C0571,Jeffrey,Suarez,Male,Nw York,658.39.7387
C0572,Anthony,,male,Californiya,119/62/5762
C0573,Adrian,,Male,california,102.46.0360
C0574,Kari,,female,Texas,108346362
C0575,Paula,Moore,female,Texas,963-36-3067
C0576,Jordan,Sullivan,Male,Californiya,293.25.2049
C0577,Paul,Shaw,male,New Yorkk,728-7850-28
C0578,Daniel,Cook,male,california,177/14/6885
C0579,Donald,Hubbard,Male,New Yorkk,065/53/2591
C0580,Alexander,Valentine,male,Ohho,327340890
C0581,Angela,Gomez,female,New York,587.43.1597
C0582,Debbie,Robinson,F,Texaz,626.27.9139
C0583,Jim,Fields,male,NY,047015903
C0584,Thomas,Williams,Male,Nw York,965/40/8422
C0585,Kenneth,Gardner,Male,Texaz,328899851
C0586,Dean,Coffey,male,,273155435
C0587,Edward,,male,california,044244391
C0588,Kylie,Garcia,Female,Ohio,925-10-4399
C0589,Allen,Foster,Male,Texaz,103540670
C0590,Michael,Roberts,M,NY,935562819
C0591,Julia,Jacobson,Female,New York,592/88/1377
C0592,Melissa,Hernandez,Female,Texaz,704/57/9173
C0593,Courtney,,Female,Californiya,360-26-9475
C0594,John,Ellis,M,NY,634-02-5358
C0595,Nicholas,Crawford,male,New Yorkk,814.26.3239
C0596,Luke,Maldonado,Male,NY,743615538
C0597,Dennis,Jones,M,Californiya,506.76.1257
C0598,Desiree,,F,Ohio,924579451
C0599,Frederick,Williams,M,New Yorkk,496-5914-18
C0600,Edwin,,male,NY,837.78.0909
C0601,Garrett,,male,Nw York,414/95/9933
C0602,Bill,Ochoa,M,california,861882676
C0603,Eric,Hicks,M,Nw York,649/55/4815
C0604,Benjamin,,male,New York,697.18.0386
C0605,Amy,Walker,female,california,306.73.2769
C0606,Frank,,M,Ohho,617/79/0897
C0607,Timothy,Miller,M,Texaz,306-55-8618
C0608,Calvin,,M,Texas,124-0425-98
C0609,Derek,Anderson,M,New York,318/07/8242
C0610,Edward,Vazquez,male,Nw York,417-7435-38
C0611,Alexander,,male,Texas,741322264
C0612,Teresa,Reed,female,New Yorkk,306-9245-31
C0613,Wesley,Nelson,Male,Nw York,057-47-3606
C0614,Tracy,Stevenson,F,Californiya,771-86-7274
C0615,Jason,Abbott,Male,Ohio,524.00.5465
C0616,Robert,Zimmerman,male,Californiya,283-1945-71
C0617,Michael,,M,NY,204-82-6060
C0618,Tiffany,Jones,Female,NY,816/84/9730
C0619,Zachary,Nguyen,male,NY,817/78/3305
C0620,Shannon,Chang,M,New Yorkk,582409554
C0621,Juan,Davis,Male,New York,707-8786-05
C0622,Jerry,,male,New Yorkk,754/65/5288
C0623,Jerry,,M,Texas,432/31/6606
C0624,Wesley,Carrillo,M,NY,061.44.4952
C0625,Randy,,M,Ohio,095-49-8855
C0626,Alejandro,Gray,M,Ohio,745.80.1373
C0627,Lisa,Hernandez,Female,NY,393/31/1560
C0628,Michael,Vazquez,M,Nw York,373/32/0470
C0629,Nathan,Johnston,Male,NY,069755427
C0630,Thomas,Young,male,Californiya,727-72-6412
C0631,Tony,,M,NY,078/32/2176
C0632,Kristina,Wright,F,New Yorkk,572-86-2418
C0633,Kathryn,Kim,female,Texas,844-7758-25
C0634,Mariah,,Female,Ohio,323/48/4391
C0635,John,Gibson,M,Texaz,490-07-3913
C0636,Sean,Hogan,Male,Californiya,734/72/6329
C0637,Michael,Wilkinson,M,New Yorkk,152/06/0931
C0638,Justin,Collins,male,california,107-89-9337
C0639,Crystal,Riley,female,california,148449590
C0640,John,,male,New York,891.91.2403
C0641,Kirk,Ramirez,M,Texaz,193/66/1684
C0642,Aaron,,male,NY,565.74.3758
C0643,Brian,Walker,Male,Ohho,576737012
C0644,Donald,,male,,937-27-9766
C0645,Larry,Moore,M,Ohio,778.25.6788
C0646,Andrew,,Male,california,729-89-3938
C0647,David,Allison,M,NY,539/06/5495
C0648,Jason,Nichols,Male,Californiya,719-2442-80
C0649,Amy,Reyes,F,New York,296737004
C0650,John,Wood,Male,Texaz,052-04-5462
C0651,Natalie,Smith,F,New Yorkk,880-3505-46
C0652,James,,male,Nw York,630801605
C0653,Billy,Church,male,New Yorkk,740-49-1918
C0654,Richard,Nolan,M,Texaz,563/50/7536
C0655,Zachary,,M,Californiya,314-42-7494
C0656,Richard,Jordan,M,california,344968900
C0657,Jason,,Male,california,051.70.8625
C0658,Devin,,M,Ohho,000940878
C0659,David,Mullen,Male,Californiya,436/03/9045
C0660,Adam,,male,Texaz,981536889
C0661,Charles,Fritz,Male,New York,251-90-1495
C0662,David,,M,Texaz,441/64/7109
C0663,Lisa,Villa,F,NY,112149119
C0664,Leslie,Hughes,F,Nw York,075304211
C0665,Steven,White,male,Nw York,544828156
C0666,Joshua,,male,Ohho,973-5585-29
C0667,Austin,Hogan,male,NY,861/99/1792
C0668,Joel,Mann,male,Nw York,387-57-6444
C0669,Kevin,Dixon,male,Ohio,991/97/3958
C0670,Kimberly,White,F,New Yorkk,816996056
C0671,David,Bell,M,New York,129066607
C0672,Daniel,Fernandez,male,Ohho,014-96-4372
C0673,Christopher,Davila,Male,Ohio,379022313
C0674,Laura,,Female,Texas,817-2614-59
C0675,John,Tucker,Male,,049591830
C0676,Michael,Young,M,Nw York,408-0221-83
C0677,Devin,,M,Californiya,756724909
C0678,Austin,Acevedo,M,New Yorkk,211-0663-62
C0679,Dustin,Barnett,M,Californiya,331.10.2620
C0680,Aaron,Hampton,M,Ohho,572-84-6258
C0681,Tabitha,Adams,female,california,288108857
C0682,Lindsey,Mitchell,Female,Texaz,997-4802-82
C0683,Gregory,Stafford,Male,Texaz,975/24/5762
C0684,Tony,Hurst,M,Nw York,103-5957-92
C0685,Jeffrey,,male,New Yorkk,682/61/3360
C0686,Frank,Golden,male,Texaz,711819875
C0687,William,Thomas,Male,Nw York,806.15.3788
C0688,Jennifer,Leonard,Female,Californiya,719917971
C0689,Hector,Christensen,Male,Nw York,508/60/1600
C0690,Christopher,Castro,M,,948/80/1129
C0691,David,Terry,Male,Texaz,416187461
C0692,Gregory,Cabrera,M,,286.76.2954
C0693,Julie,Green,female,Texaz,918-9149-82
C0694,Steven,,M,Ohho,288496796
C0695,Michael,Todd,M,Texaz,413436693
C0696,David,Bass,Male,Ohho,168-73-6465
C0697,Bryan,Anderson,M,Texaz,566092992
C0698,Joseph,Morrison,male,,260456543
C0699,Scott,Francis,male,New York,465-9419-14
C0700,Scott,,Male,NY,735.67.8367
C0701,Christopher,Norton,M,california,400961699
C0702,Richard,Howard,M,Ohio,603/11/5189
C0703,William,Garcia,Male,Californiya,185.15.1126
C0704,Scott,Watts,M,New Yorkk,918.41.2763
C0705,Matthew,Floyd,male,Californiya,084802032
C0706,Teresa,Whitehead,female,Ohio,947.39.7419
C0707,Rebecca,,female,Nw York,091-0824-33
C0708,Ronald,Maxwell,male,Californiya,686.26.5522
C0709,Jennifer,Nelson,female,Nw York,331-69-1084
C0710,Joshua,,Male,New York,478596750
C0711,Katie,Murray,female,Texas,408808242
C0712,Ashley,Moore,F,Ohio,576-7725-50
C0713,Carlos,Combs,M,california,516.04.8874
C0714,Nicholas,,male,california,567/74/5231
C0715,Christopher,,M,,707-8462-72
C0716,Jennifer,Pittman,F,Texaz,177.13.1215
C0717,Trevor,Fitzgerald,Male,Ohho,527-73-7923
C0718,John,Jones,M,Texas,535606961
C0719,Cynthia,Hurley,F,New York,836-6927-30
C0720,Ryan,Mcgrath,M,Texaz,674-2228-57
C0721,Christine,White,female,Nw York,083.33.2884
C0722,Eric,Newman,Male,,693.89.5447
C0723,William,Ellison,Male,Texaz,737-0690-29
C0724,Christine,White,F,New York,675.17.5463
C0725,Andrew,Glover,M,Texaz,993-5007-94
C0726,Stephen,Walton,male,Californiya,289-8259-74
C0727,Rachel,Schwartz,F,california,160.49.0324
C0728,Brittany,Ramsey,female,Ohho,383-0547-70
C0729,Alexis,Donovan,female,california,561-71-3087
C0730,Timothy,Thompson,M,Californiya,113-46-3587
C0731,Calvin,Sanders,Male,,783/13/6548
C0732,Dwayne,Montoya,male,New York,440/16/7245
C0733,Lauren,Salazar,Female,Ohio,248-55-4790
C0734,John,Page,male,Nw York,794.24.1662
C0735,Carlos,Welch,M,New Yorkk,167-90-9533
C0736,Thomas,Williams,M,Californiya,295.19.3511
C0737,David,,Male,Nw York,761.01.3422
C0738,Donna,,female,Ohho,747.93.9252
C0739,Anita,Cunningham,F,New Yorkk,432-6964-23
C0740,Christopher,Wilson,male,New York,650-0534-93
C0741,Collin,Haynes,male,New York,470/73/6773
C0742,Joshua,Jackson,male,NY,928/63/8658
C0743,Eric,Ross,M,Nw York,129.76.8513
C0744,Heather,French,F,Ohho,686-53-1531
C0745,Chris,Barker,Male,california,739032204
C0746,Michael,Young,Male,Nw York,406-72-1383
C0747,Timothy,Fisher,male,Texas,479517675
C0748,Debra,Martin,Female,Nw York,567-1189-13
C0749,Thomas,Jackson,Male,Nw York,289.55.1262
C0750,Kevin,Townsend,Male,NY,050.14.3776
C0751,Benjamin,,M,california,852-32-5407
C0752,Michael,Evans,male,Texaz,498-3503-65
C0753,Christian,Gray,Male,New York,239.34.2932
C0754,Connor,Smith,Male,Nw York,740.82.6558
C0755,Amanda,,F,New Yorkk,408-26-2092
C0756,Daniel,Perkins,M,Nw York,675-1755-92
C0757,David,Clark,M,,282/93/1210
C0758,Christopher,,Male,Ohio,662484840
C0759,Nicholas,,Male,Ohho,808-2442-93
C0760,Savannah,Davis,F,New York,801729823
C0761,Steven,Arnold,Male,New York,159.87.1151
C0762,Jose,,M,Californiya,970074242
C0763,Mark,,Male,Ohio,039-5745-76
C0764,Matthew,Woods,male,Ohho,558-9367-99
C0765,Johnathan,Rivera,male,,568504710
C0766,Brandon,Edwards,male,New Yorkk,851825607
C0767,Jacqueline,Gilmore,female,Texas,264-1061-17
C0768,David,Galloway,M,Ohho,119/57/3806
C0769,Chad,Lyons,Male,california,683117463
C0770,Nicholas,,Male,Texaz,649-0725-29
C0771,Matthew,Woods,M,NY,526.21.7299
C0772,Travis,Smith,male,NY,739-2348-14
C0773,Casey,Smith,M,california,318-29-0201
C0774,Travis,Bowman,Male,New York,397-23-5347
C0775,Mark,Jenkins,M,New York,568919038
C0776,Charles,Williams,male,Californiya,003-8999-49
C0777,Justin,,M,NY,557-2341-72
C0778,John,Houston,M,Texaz,313-49-0734
C0779,Shannon,Bates,male,california,021/30/3327
C0780,Teresa,Morgan,female,Californiya,527-17-1458
C0781,Anthony,,male,Nw York,953/57/9645
C0782,Mary,,female,california,403-62-2204
C0783,Victoria,Nelson,Female,Nw York,464-5123-85
C0784,Benjamin,,M,Nw York,356/60/5783
C0785,Janice,David,female,california,266-38-9766
C0786,Leslie,,female,Ohio,318-03-3286
C0787,Travis,,M,New York,726208843
C0788,Angela,Dodson,F,Ohio,715-1643-96
C0789,John,Gonzalez,M,Ohho,010-5095-76
C0790,Bryan,,Male,Texas,910-51-1306
C0791,Robert,Schultz,male,Californiya,101.61.2177
C0792,Michael,,male,Ohio,117036199
C0793,Jeffrey,Smith,M,New York,219-33-2658
C0794,Jason,Robertson,M,Ohio,359262855
C0795,Anthony,,Male,,364-08-4063
C0796,Erin,Young,Female,Texaz,884-9677-39
C0797,Justin,Schneider,male,Texaz,574/09/7680
C0798,Michael,,male,NY,599.39.4555
C0799,Brittany,Rodriguez,female,New Yorkk,500883494
C0800,Cody,Potter,M,california,351-55-8727
C0801,David,Wagner,Male,New York,943.79.2034
C0802,Craig,Lam,male,Ohio,200.84.5543
C0803,John,,Male,california,423/29/0734
C0804,Timothy,Cisneros,Male,Californiya,881-1905-85
C0805,Amber,Stephenson,female,,205.17.2098
C0806,Troy,,Male,california,110022003
C0807,Hunter,Navarro,M,,700406261
C0808,Robert,Kaufman,M,Texas,702892540
C0809,Jessica,Miller,Female,Texas,673-47-1287
C0810,James,,male,Texaz,419789059
C0811,Christine,Allen,Female,Nw York,951-2488-98
C0812,Phillip,,male,New Yorkk,620-72-8376
C0813,Ryan,,male,NY,656.31.4369
C0814,Julie,Adams,F,Texaz,356097767
C0815,Matthew,Sanchez,M,New York,896.58.8352
C0816,Michael,Lynn,M,Nw York,614-35-1714
C0817,Caroline,,Female,Nw York,842908366
C0818,Matthew,Perez,Male,Nw York,558/26/0751
C0819,William,Gilbert,Male,,754-3992-58
C0820,Christopher,,male,Texas,281.42.9548
C0821,Eddie,Smith,male,NY,901694656
C0822,Timothy,,Male,california,221-4516-73
C0823,Kimberly,Brown,Female,Ohho,050/73/5527
C0824,Robert,,M,Texaz,507.44.7361
C0825,Michael,Valdez,M,Texaz,356-4576-29
C0826,Lisa,Holloway,Female,New Yorkk,891/41/2693
C0827,Amanda,Collins,Female,Ohho,390.95.9957
C0828,Shannon,,female,Nw York,027835510
C0829,Eric,Snyder,male,NY,903113332
C0830,Michele,Beasley,female,New Yorkk,507.51.7033
C0831,Jeffrey,Wolf,M,Ohio,711-58-4782
C0832,Karen,Medina,F,NY,648/94/7287
C0833,Dean,James,Male,Californiya,618129284
C0834,Bryan,Robertson,Male,New Yorkk,662124699
C0835,Johnny,Coleman,M,New Yorkk,866623520
C0836,Charles,Trevino,male,New York,928.04.5324
C0837,Robert,Lopez,M,New Yorkk,386-6741-90
C0838,Jesse,Myers,M,Texas,854.56.3917
C0839,Lauren,Lopez,F,Texaz,968-0132-77
C0840,John,Sweeney,M,Nw York,694-5458-24
C0841,Dwayne,Keller,Male,New York,126.64.3837
C0842,Jessica,,F,california,775/83/9530
C0843,Edward,Walker,male,NY,024898098
C0844,David,Thompson,Male,Ohho,768.92.2268
C0845,Andrew,,Male,New Yorkk,233-3030-52
C0846,Erika,Lloyd,F,Ohio,198-0366-31
C0847,Aaron,Peterson,Male,california,593-84-1266
C0848,Rebecca,,F,Californiya,256/41/4863
C0849,Oscar,Gomez,M,,489.63.4078
C0850,Randall,,M,Texas,070-22-6114
C0851,Darrell,,male,,661-3744-96
C0852,Jordan,Tanner,M,Nw York,748-6072-32
C0853,Robert,Snyder,Male,NY,628-8335-06
C0854,John,,Male,New York,063308990
C0855,Franklin,Garcia,M,Texas,051903583
C0856,Thomas,,Male,Californiya,990/88/2906
C0857,Austin,Espinoza,male,New York,950035063
C0858,Joshua,Payne,Male,california,403/56/4438
C0859,Robert,,M,california,749/65/5774
C0860,Cathy,,F,NY,333381434
C0861,Jacob,Williams,male,Ohio,330.23.7698
C0862,Bryan,Hernandez,male,NY,890-54-1146
C0863,Martin,Velasquez,Male,Californiya,091-46-8612
C0864,Eric,Wilson,M,New Yorkk,631-7649-02
C0865,David,,Male,Texaz,613-01-9907
C0866,Phillip,Lopez,Male,Nw York,001-08-6911
C0867,Jorge,,Male,Texas,080-12-8291
C0868,Tyler,Garrison,Male,NY,005/57/1624
C0869,Jillian,Hughes,female,,247.49.6700
C0870,Jasmine,Edwards,Female,Ohho,142-16-2616
C0871,Daniel,Curry,M,Texas,481.07.7923
C0872,Joseph,Turner,Male,Ohio,168988272
C0873,Cody,,male,Texas,786-47-3524
C0874,Joshua,Young,male,Texas,739144009
C0875,Dawn,Nunez,female,New York,665.26.9354
C0876,Jasmine,Washington,F,New York,317-4734-22
C0877,Kenneth,Hill,M,Ohio,071-39-9457
C0878,Brian,,male,Ohho,616/49/1936
C0879,Nicholas,Ramirez,Male,Californiya,812-2438-72
C0880,Aaron,Morrison,M,Texaz,044.02.2527
C0881,Scott,,Male,NY,148/45/9253
C0882,Sean,Smith,M,Texas,710/43/1870
C0883,Brian,Beard,Male,california,862-01-4263
C0884,Jose,,Male,,833/57/8977
C0885,James,Williams,male,Ohho,106.85.1769
C0886,Angela,,female,Ohho,503457186
C0887,Evan,Andrews,M,,731.92.8333
C0888,Donald,Lewis,male,New York,818.63.6644
C0889,Christopher,,male,california,397468005
C0890,Zachary,Moore,Male,Texas,367-67-1951
C0891,Marcus,,M,Texaz,272979341
C0892,Christopher,,male,NY,580.79.3035
C0893,David,,Male,Ohho,729/21/8126
C0894,Samantha,,female,,066747297
C0895,Gregg,,M,Ohho,393043927
C0896,James,Williams,male,New Yorkk,989-84-2552
C0897,James,Morgan,male,Nw York,821.29.4237
C0898,Juan,Hamilton,M,Californiya,967-72-2021
C0899,David,Powell,M,Texas,504.87.3647
C0900,Eric,,Male,Ohho,051-7957-39
C0901,Evan,Farrell,male,Texaz,221-14-5811
C0902,Sean,Harris,Male,New York,448-7799-64
C0903,Brandon,Sullivan,M,,326306471
C0904,David,,Male,New Yorkk,415-43-8803
C0905,Alan,Melton,male,NY,082.18.1707
C0906,Michael,Zuniga,male,Ohio,403/78/5447
C0907,Bradley,Parrish,Male,Ohho,935.29.5860
C0908,Kevin,Cruz,male,New York,805-1842-98
C0909,Steven,Hamilton,Male,Californiya,833.89.6331
C0910,Derek,Carpenter,male,New York,441.17.1460
C0911,Scott,Beasley,male,New York,351-53-8339
C0912,Kristina,,Female,Texaz,035-55-7592
C0913,Robert,Ramirez,male,NY,102-2526-20
C0914,Thomas,Smith,male,New Yorkk,380-2781-81
C0915,Christopher,Ryan,Male,,312.08.8400
C0916,Lucas,Hernandez,Male,Ohho,120.00.9745
C0917,Sandra,Gonzalez,F,NY,005/43/4466
C0918,Katie,Bailey,F,Texas,002-93-8966
C0919,John,Sullivan,male,New York,953558475
C0920,William,,M,Texas,428.21.5783
C0921,David,Lewis,M,Texaz,342.17.1984
C0922,Peter,,M,,420.24.9288
C0923,Richard,Mcdaniel,Male,Ohio,819562443
C0924,Albert,Bolton,male,NY,975.02.9800
C0925,Susan,,F,Texaz,537-8740-76
C0926,William,,Male,New Yorkk,480/80/7314
C0927,Christopher,Williams,M,Ohho,204.84.6943
C0928,Roger,Patrick,Male,New York,956.40.6195
C0929,David,,Male,Ohho,975050802
C0930,Charles,,M,Texas,250-7531-04
C0931,Timothy,Campbell,M,,442.32.0679
C0932,Misty,,female,california,932.14.4830
C0933,Patricia,,female,Californiya,150/87/7563
C0934,Timothy,,male,New York,703.95.0512
C0935,Jeffrey,Rose,M,california,982/67/4041
C0936,Paul,,M,,582-6433-92
C0937,Kyle,Robertson,male,Californiya,881.32.6075
C0938,Alexander,Miller,Male,Texaz,007/16/9190
C0939,Sandra,,female,Californiya,879.28.3301
C0940,Shane,Ward,M,Texas,259-86-5545
C0941,Melvin,,male,New Yorkk,213-2596-74
C0942,Thomas,,Male,california,169/12/7931
C0943,Mark,Velez,M,NY,668-32-7363
C0944,Carlos,Richards,M,Texaz,457.37.8358
C0945,Garrett,Miller,male,Ohio,557953164
C0946,Gabriel,Cole,M,Californiya,514-8532-66
C0947,James,Robertson,Male,Californiya,475.56.1820
C0948,Richard,Powell,M,Californiya,424-04-1200
C0949,David,,M,New Yorkk,604-25-1144
C0950,Eric,Walker,male,New Yorkk,060649770
C0951,Luis,Cooper,Male,New Yorkk,048/06/6515
C0952,Gregory,,male,Ohio,266.49.0127
C0953,David,Lynch,Male,Californiya,016/86/5351
C0954,Keith,,male,,183-1694-15
C0955,Dawn,Rogers,female,Californiya,065/53/8468
C0956,Mark,Allen,M,Ohio,018-7547-13
C0957,Jason,Williams,M,NY,372845521
C0958,Molly,Gill,female,NY,020.58.3905
C0959,Jonathan,,Male,,213-29-7939
C0960,David,Butler,Male,Nw York,817-47-0751
C0961,John,Rodriguez,M,Texaz,472/05/2543
C0962,Penny,,F,Ohho,908.38.9138
C0963,Matthew,Valentine,Male,NY,920/86/7331
C0964,Carolyn,,Female,Californiya,386-58-8802
C0965,Scott,,M,Ohho,226607396
C0966,Christopher,Meadows,M,Ohio,249/65/1683
C0967,Steven,Gill,male,Texaz,751.44.2943
C0968,Randy,Smith,male,New York,766/55/9816
C0969,Daniel,Hendrix,M,,503/90/5580
C0970,Tyler,Allen,Male,Ohio,356209150
C0971,Jeff,Nelson,male,NY,202775865
C0972,Dennis,,M,Californiya,878/03/4243
C0973,Casey,Le,Male,Ohio,457.60.2278
C0974,Carolyn,Howell,Female,Ohho,760/76/5320
C0975,Peter,,male,New Yorkk,530-68-5706
C0976,Jeremy,Tran,male,Texaz,056.03.9557
C0977,Daniel,Malone,Male,Texas,427-2973-71
C0978,Kenneth,Ryan,male,,240-0161-03
C0979,Andrew,,M,New Yorkk,044-6546-06
C0980,Bruce,Hawkins,Male,Ohio,064.58.8071
C0981,Matthew,Martinez,Male,Texas,841-52-1315
C0982,Kathy,,F,Californiya,435-7072-16
C0983,Daniel,,Male,New York,424264205
C0984,Sheri,Torres,F,Californiya,243005733
C0985,Jose,Chan,M,New Yorkk,615.77.7685
C0986,Vincent,,male,Ohio,085-0864-06
C0987,Patrick,Flores,male,Nw York,183-56-8455
C0988,Robert,Thompson,Male,New Yorkk,100276471
C0989,Lucas,Conley,M,NY,657/00/1176
C0990,Kiara,Miranda,Female,Ohio,022/73/9474
C0991,David,Mcclure,M,Nw York,942227903
C0992,Ann,Sandoval,Female,NY,969-6072-37
C0993,David,Mcmillan,male,california,606-08-7609
C0994,John,Patrick,male,New York,474/06/5005
C0995,Jason,Graham,M,New Yorkk,272.99.8455
C0996,Felicia,Howe,F,NY,599/60/1108
C0997,Joel,Jordan,M,NY,079-89-1050
C0998,Wayne,,Male,Texas,070190887
C0999,Alexandra,Fox,female,california,514/78/8515
C1000,Todd,Robinson,Male,Californiya,796-93-4918
C0023,Grant,Bartlett,male,Ohio,914-9819-50
C0026,Jesse,Wilkerson,male,NY,929/20/0753
C0047,Seth,Hess,Male,Texas,075643618
C0048,Frank,Ross,M,Ohho,466.83.1539
C0050,Kimberly,Wright,female,Nw York,556/57/7221
C0051,David,,Male,,709.24.5509
C0063,Latoya,,female,Ohho,575-57-9346
C0067,Eric,Morris,male,NY,192-18-1825
C0127,Frank,Turner,Male,,817-84-4697
C0128,Tina,,Female,Ohio,387/15/2762
C0133,Kevin,,Male,,294/23/8712
C0138,William,Boone,male,,499-81-2161
C0153,Gregory,Krueger,M,Californiya,274.65.4231
C0164,Theresa,Davis,Female,Texaz,816.34.7228
C0176,Edward,Bell,M,New York,381-9101-40
C0187,Thomas,,M,New Yorkk,021777542
C0194,Eric,,M,Ohio,689.37.9003
C0198,James,Ortiz,male,california,603762095
C0199,Maurice,,Male,NY,959/51/2357
C0213,Brian,Esparza,male,Ohho,499/92/6999
C0219,Derek,,M,,527.30.6899
C0225,Thomas,Sosa,Male,Texaz,079-30-2406
C0234,Andrew,Bush,M,Californiya,376/12/4410
C0235,Amy,,Female,NY,604/91/9892
C0237,Marc,,Male,NY,439493309
C0256,Dwayne,,M,NY,517.33.9517
C0261,Julie,Meyers,F,New York,522.61.5596
C0294,Peter,Bennett,Male,Texaz,312.52.9723
C0305,Curtis,Mccormick,male,Ohio,765664501
C0312,Jack,Pugh,Male,california,158/15/7436
C0313,Christopher,,M,Ohho,211.01.0961
C0318,Michael,Solis,Male,Nw York,305.22.3195
C0331,David,,male,california,356-0126-98
C0336,Jesse,,Male,NY,129/12/1590
C0338,Richard,,male,Ohio,811.18.7611
C0345,Anthony,Hull,male,NY,697-9178-25
C0368,Robin,,F,Ohho,882.48.4061
C0371,Leonard,,Male,Ohho,149.19.7207
C0372,John,Smith,Male,NY,713-22-7086
C0376,Joshua,Anderson,M,Californiya,271145858
C0378,Dennis,Black,male,New Yorkk,915-18-3314
C0380,Steven,Brown,Male,New Yorkk,257/55/8548
C0388,Frank,Flores,male,Ohho,407.29.8822
C0393,Brandon,Ruiz,M,Californiya,632-46-1894
C0400,Jesse,,M,,863-0850-99
C0426,Brandon,Hernandez,M,,904/60/5617
C0435,Robert,,Male,New York,815533127
C0436,Vincent,Rodriguez,M,Texas,198.07.0447
C0452,Theresa,,female,Ohio,570-1296-54
C0468,Tammy,Turner,F,california,362/63/7054
C0470,Misty,White,Female,Texas,563/82/5460
C0494,Jacob,Smith,Male,New Yorkk,730072863
C0495,Robert,Lewis,male,Texaz,937.73.2844
C0515,Elizabeth,Boyd,F,NY,200-82-3160
C0517,Donald,,Male,Ohio,715-6758-13
C0519,Barbara,Ellis,F,Californiya,990/97/4201
C0524,Teresa,Martin,female,Ohho,034192490
C0534,Brandon,Gamble,Male,Ohho,530-0021-67
C0544,Kyle,Soto,Male,Texas,677.99.4055
C0555,Alec,,M,Texaz,973-4733-34
C0558,Donna,,F,New Yorkk,089/63/5050
C0591,Julia,Jacobson,Female,New York,592/88/1377
C0617,Michael,,M,NY,204-82-6060
C0650,John,Wood,Male,Texaz,052-04-5462
C0654,Richard,Nolan,M,Texaz,563/50/7536
C0656,Richard,Jordan,M,california,344968900
C0663,Lisa,Villa,F,NY,112149119
C0672,Daniel,Fernandez,male,Ohho,014-96-4372
C0673,Christopher,Davila,Male,Ohio,379022313
C0676,Michael,Young,M,Nw York,408-0221-83
C0695,Michael,Todd,M,Texaz,413436693
C0709,Jennifer,Nelson,female,Nw York,331-69-1084
C0732,Dwayne,Montoya,male,New York,440/16/7245
C0735,Carlos,Welch,M,New Yorkk,167-90-9533
C0742,Joshua,Jackson,male,NY,928/63/8658
C0747,Timothy,Fisher,male,Texas,479517675
C0758,Christopher,,Male,Ohio,662484840
C0769,Chad,Lyons,Male,california,683117463
C0780,Teresa,Morgan,female,Californiya,527-17-1458
C0804,Timothy,Cisneros,Male,Californiya,881-1905-85
C0808,Robert,Kaufman,M,Texas,702892540
C0810,James,,male,Texaz,419789059
C0835,Johnny,Coleman,M,New Yorkk,866623520
C0837,Robert,Lopez,M,New Yorkk,386-6741-90
C0843,Edward,Walker,male,NY,024898098
C0854,John,,Male,New York,063308990
C0855,Franklin,Garcia,M,Texas,051903583
C0856,Thomas,,Male,Californiya,990/88/2906
C0857,Austin,Espinoza,male,New York,950035063
C0858,Joshua,Payne,Male,california,403/56/4438
C0862,Bryan,Hernandez,male,NY,890-54-1146
C0863,Martin,Velasquez,Male,Californiya,091-46-8612
C0909,Steven,Hamilton,Male,Californiya,833.89.6331
C0914,Thomas,Smith,male,New Yorkk,380-2781-81
C0918,Katie,Bailey,F,Texas,002-93-8966
C0939,Sandra,,female,Californiya,879.28.3301
C0965,Scott,,M,Ohho,226607396
C0966,Christopher,Meadows,M,Ohio,249/65/1683
C0971,Jeff,Nelson,male,NY,202775865
C0989,Lucas,Conley,M,NY,657/00/1176
